0.12274270504713,0.020982503890991,0.073181852698326,0.02560075558722,0.062899477779865,0.18671536445618,0.029436942189932,-0.0019834658596665,-0.15020702779293,-0.034131608903408,0.1022142469883,0.027994656935334,0.10895711183548,0.0077429488301277,0.10269267112017,-0.0046374085359275,0.019522352144122,0.10343708842993,-0.096430413424969,0.0075189052149653,0.13853459060192,0.028045475482941,0.087087661027908,0.20245966315269,0.10294871777296,-0.20511040091515,-0.017066488042474,-0.01681518368423,0.012331680394709,0.10484463721514,0.043592248111963,-0.094647400081158,-0.06233199313283,0.13295608758926,-0.038149479776621,-0.022612772881985,-0.14107631146908,-0.13083431124687,-0.016452010720968,0.057577807456255,-0.02619406580925,-0.040889017283916,0.028005877509713,0.084491215646267,-0.10546585917473,-0.14594689011574,0.0094682760536671,0.0340945571661,-0.06382941454649,0.12870244681835,0.18587632477283,-0.080703996121883,-0.08948715031147,-0.042629115283489,-0.057316709309816,0.040174312889576,-0.053020309656858,0.17418803274632,0.065724059939384,0.038341525942087,-0.082430317997932,0.060985114425421,0.023355921730399,-0.094423450529575,0.00029012086451985,-0.037933256477118,-0.051765192300081,-0.051230892539024,-0.23546738922596,0.094608306884766,0.010281006805599,0.095787525177002,-0.034625075757504,-0.077981472015381,-0.034502390772104,-0.018341453745961,0.062938198447227,-0.083838060498238,0.01904727704823,0.17346605658531,0.034980103373528,-0.16899253427982,0.083877950906754,-0.014098645187914,-0.094287648797035,0.031159056350589,0.025401713326573,-0.15133628249168,-0.079298384487629,0.080365903675556,0.0025107448454946,-0.13367345929146,-0.065638497471809,0.056250102818012,-0.0779729783535,0.0011021374957636,-0.14281445741653,0.05675059184432,-0.053320694714785,0.028934013098478,0.045660134404898,0.11815167218447,0.0063446434214711,0.095585435628891,0.00095428712666035,0.048934012651443,-0.059449996799231,0.049355994910002,0.036543291062117,-0.12202331423759,0.0098093654960394,0.048947732895613,-0.0035396206658334,0.083388201892376,-0.01190756354481,0.099471196532249,0.050557717680931,0.16253788769245,-0.023349495604634,0.23574614524841,0.014454199932516,-0.14928095042706,-0.14019910991192,0.0067545124329627,-0.0028595381882042,0.050844587385654,0.034432969987392,0.026868024840951
0.081432059407234,0.040555384010077,0.0057021309621632,0.031306844204664,0.01899834163487,0.14106391370296,0.028417572379112,-0.028827957808971,-0.063046917319298,-0.087042570114136,0.12027744203806,-0.042402312159538,0.097432821989059,0.052290830761194,-0.025731179863214,0.010671515017748,0.012929721735418,0.13032323122025,-0.11502347886562,-0.0039197453297675,0.20594754815102,-0.10582134127617,0.043499611318111,0.21240763366222,0.078255258500576,-0.25620621442795,-0.069088019430637,-0.026511464267969,0.022714147344232,0.092313535511494,0.05634993314743,-0.13211542367935,-0.096337117254734,0.05950590223074,-0.031018922105432,0.029677093029022,-0.16932590305805,-0.12539546191692,-0.021916538476944,0.04502047598362,-0.074486203491688,0.016566328704357,9.5565286756027e-05,0.055164657533169,0.012990154325962,-0.12493269145489,0.010661033913493,0.030541587620974,-0.09148146957159,0.058955635875463,0.008908404968679,-0.097417876124382,-0.05165595933795,-0.041981536895037,-0.10233943909407,0.075818300247192,-0.038532633334398,0.203866943717,0.05779454857111,0.0024136696010828,-0.016792193055153,0.16466984152794,0.086047008633614,-0.095765024423599,-0.036939106881618,0.017557799816132,-0.022689087316394,-0.047290183603764,-0.17599861323833,0.04416262358427,0.030936369672418,0.059829171746969,-0.022769793868065,-0.110855050385,-0.032398268580437,-0.0054853050969541,0.055193711072206,-0.043809775263071,-0.012140496633947,0.077299050986767,-0.022717665880919,-0.10247921198606,-0.026130761951208,-0.062618784606457,-0.17074973881245,0.18766951560974,-0.034703720360994,-0.18718768656254,-0.096241608262062,0.0057848254218698,0.063256792724133,-0.14734351634979,0.0031775364186615,-0.017160562798381,0.0075049591250718,0.0052016437985003,-0.18074896931648,0.062507048249245,-0.047269161790609,0.081351824104786,0.049718372523785,0.028881086036563,-0.017840929329395,0.074333533644676,0.022756258025765,0.11919600516558,-0.028456721454859,0.058013442903757,-0.042334377765656,-0.1056644693017,-0.025037623941898,0.0013941291254014,0.036396358162165,0.040765333920717,-0.0181480422616,0.15719623863697,-0.0091727152466774,0.16333661973476,0.011232810094953,0.15356205403805,-0.086002863943577,-0.14749017357826,-0.16464075446129,0.037826471030712,-0.095990993082523,0.093995690345764,-0.10282061249018,0.0025771916843951
0.14758948981762,0.018826313316822,-0.02964648976922,0.046847503632307,0.039555054157972,0.17110066115856,0.035666763782501,-0.055266033858061,-0.11336285620928,-0.1075654476881,0.12336574494839,-0.011611435562372,0.086498834192753,0.033652320504189,-0.0097027719020844,0.056291304528713,0.039030998945236,0.13464903831482,-0.1002256795764,-0.046401910483837,0.21293683350086,-0.01855281367898,0.039513666182756,0.1952004134655,0.086861953139305,-0.20009952783585,-0.02152606844902,-0.084514364600182,3.5882767406292e-05,0.1388303488493,0.0071098669432104,-0.030729077756405,-0.10511734336615,0.097246155142784,-0.035711240023375,0.00065810995874926,-0.14084194600582,-0.16275024414062,0.015341823920608,0.065790191292763,-0.049614734947681,0.007889443077147,0.025022065266967,0.075350411236286,-0.0035459666978568,-0.056553557515144,0.055728409439325,-0.011849123053253,-0.1360889673233,0.022742860019207,0.10273005068302,-0.095624655485153,-0.034553855657578,-0.023004770278931,-0.092407450079918,0.067982643842697,0.0099895345047116,0.18911541998386,0.081972055137157,0.032399445772171,0.0034076436422765,0.12493027746677,0.062125831842422,-0.098993249237537,-0.030717357993126,-0.028200855478644,-0.03475159034133,-0.014123825356364,-0.12611983716488,0.07474298030138,0.0011276525910944,0.046678360551596,-0.043873179703951,-0.14890307188034,-0.048610422760248,0.0046876803971827,0.031616415828466,-0.042915571480989,-0.084741018712521,0.098378501832485,0.024182144552469,-0.055551592260599,-0.028467899188399,-0.095634929835796,-0.18291461467743,0.19307450950146,-0.0053056459873915,-0.24966743588448,-0.18892177939415,0.028815744444728,0.052714888006449,-0.13975435495377,-0.094394735991955,-0.01494007371366,-0.020635129883885,0.074468269944191,-0.1450350433588,0.056445561349392,0.0018326400313526,0.067999847233295,0.044421419501305,0.039922036230564,0.015010110102594,0.14383760094643,-0.007437904831022,0.032280344516039,-0.080762751400471,0.10756374150515,-0.10516171902418,-0.11949811130762,-0.0035494905896485,-0.0015721026575193,0.011927439831197,-0.015878958627582,-0.0051547395996749,0.13925908505917,-0.049310863018036,0.09235867857933,0.0025389983784407,0.14097888767719,-0.027507271617651,-0.11288148909807,-0.11156584322453,0.038251463323832,-0.037484236061573,0.054138526320457,-0.081194676458836,-0.017030252143741
-0.0067025683820248,-0.088294573128223,-0.065873645246029,0.0082638673484325,0.14906008541584,0.09865952283144,0.007387182675302,-0.034364454448223,-0.16864338517189,0.13836352527142,-0.008672408759594,0.17639271914959,0.069491244852543,-0.07735650241375,-0.06822144985199,0.026317369192839,-0.1355064958334,0.13378551602364,0.020475780591369,0.1399879604578,0.125712454319,-0.13705556094646,0.11185789108276,-0.0066878865472972,-0.013502273708582,0.083769112825394,-0.082602724432945,-0.191531047225,-0.052833970636129,0.053074199706316,-0.091146253049374,0.040503203868866,-0.070821687579155,0.01281185913831,0.015477927401662,0.034409165382385,-0.1474857032299,-0.018328061327338,0.0026673171669245,-0.088721580803394,0.0042693866416812,-0.04807897657156,-0.014870758168399,0.11839064210653,-0.19968990981579,-0.05826349183917,0.13594475388527,0.033936154097319,-0.054784990847111,0.060985799878836,0.12352763861418,-0.063577398657799,-0.17806315422058,0.016080394387245,0.15772867202759,-0.028973996639252,0.057933241128922,0.053048510104418,-0.015901453793049,0.016109984368086,0.073920585215092,-0.040794912725687,0.14073112607002,0.035323094576597,0.18567153811455,-0.18748047947884,-0.14903305470943,0.093177162110806,0.024334205314517,0.17072479426861,0.022859428077936,0.21803326904774,0.004775098990649,-0.0028393715620041,-0.13468912243843,0.026110971346498,-0.027025176212192,0.11728352308273,0.033775392919779,-0.028310991823673,-0.07391631603241,-0.00092670123558491,0.027587017044425,0.067940667271614,-0.15428256988525,-0.071375533938408,0.13468480110168,0.13912153244019,0.11884037405252,-0.036304343491793,-0.02172963321209,0.017049673944712,-0.057540409266949,-0.0082367518916726,-0.11007355153561,-0.088880948722363,-0.019953308627009,0.10132024437189,-0.018388286232948,-0.018881253898144,0.070258542895317,0.052914541214705,-0.020799949765205,-0.045070741325617,0.089678734540939,0.024983378127217,-0.093905739486217,0.088579021394253,0.039529867470264,0.029967116191983,-0.089003339409828,0.065150149166584,-0.0093163382261992,-0.016632631421089,0.084097415208817,0.042884573340416,0.065978206694126,-0.057244561612606,-0.039336122572422,0.12358583509922,0.0063970340415835,-0.0010130074806511,0.031301632523537,-0.038728173822165,-0.092796631157398,0.091940402984619,0.037259414792061,0.093210138380527
0.023802734911442,0.00042792467866093,-0.14771237969398,-0.069364957511425,0.076574914157391,0.17703819274902,-0.11502327024937,0.037613715976477,-0.11077197641134,0.056889917701483,-0.03526284173131,0.081965945661068,0.021542275324464,-0.048716850578785,-0.13863015174866,0.12772613763809,0.031130230054259,0.13359954953194,0.014020057395101,-0.027178645133972,0.15285630524158,0.010048266500235,0.12158002704382,0.019502833485603,-0.018255854025483,0.057517912238836,0.10400880128145,-0.17096658051014,-0.063410028815269,0.044408392161131,-0.044646620750427,-0.047228649258614,-0.032979108393192,-0.014523915946484,-0.0015942711615935,-0.012170030735433,-0.082535341382027,-0.017173936590552,0.035062033683062,0.036334093660116,-0.13407216966152,0.067200616002083,0.015791546553373,0.1131538823247,-0.037438996136189,-0.053858444094658,0.13398903608322,-0.062147632241249,-0.11451622098684,0.063196435570717,0.20640958845615,-0.064038269221783,-0.074627250432968,0.025722274556756,0.011073966510594,0.0035685210023075,0.18481627106667,0.059041261672974,0.098925791680813,-0.12674826383591,0.062545232474804,-0.025086898356676,0.11863203346729,-0.06930761039257,0.08050163090229,-0.24582929909229,-0.11462152004242,0.16272537410259,0.064086928963661,0.18768185377121,0.042807925492525,0.10672614723444,-0.046227894723415,-0.16581213474274,-0.12716862559319,0.044836051762104,-0.06244158744812,0.11566146463156,-0.067434392869473,-0.041918188333511,-0.048294592648745,0.11134355515242,0.045646723359823,0.034330356866121,-0.13776497542858,-0.0015389234758914,0.051595855504274,0.032746106386185,0.069725669920444,-0.053460776805878,-0.14642064273357,-0.044612694531679,-0.14511135220528,0.024672312662005,0.086242347955704,0.076079107820988,0.015824312344193,0.14775167405605,-0.13118849694729,0.02690170891583,0.045079212635756,0.026981865987182,-0.056940689682961,0.090455189347267,0.0026059101801366,-0.078441880643368,-0.15796042978764,-0.077552244067192,-0.12066489458084,-0.055951301008463,-0.029745819047093,0.054240606725216,0.07173477858305,0.023200467228889,0.061419621109962,0.061664577573538,-0.091622099280357,-0.084232471883297,-0.047587681561708,0.017645804211497,0.0026985320728272,0.011263638734818,0.12427763640881,-0.13658806681633,-0.0032959633972496,0.014929442666471,-0.021496200934052,0.025282870978117
0.031305342912674,-0.12929190695286,-0.089610271155834,-0.063931785523891,0.096867978572845,0.13601338863373,-0.09325347840786,0.051274750381708,0.0049327281303704,-0.022646214812994,-0.073394522070885,0.044478189200163,0.073084510862827,-0.063237093389034,-0.10652599483728,0.10691092163324,-0.0046596038155258,0.1149895042181,-0.050744131207466,0.025369700044394,0.25963532924652,-0.03067290969193,0.10219183564186,-0.011965931393206,-0.038322769105434,0.024883082136512,-0.045724883675575,-0.24751359224319,-0.1183603182435,0.041049465537071,0.018905557692051,0.0070426468737423,-0.0017235756386071,0.013519437983632,0.11169238388538,0.0051339324563742,-0.0051644425839186,0.060434315353632,0.066933177411556,-0.13537438213825,-0.10430970042944,0.066406644880772,0.0021806501317769,0.038661811500788,0.0029441127553582,-0.12107393145561,0.051681451499462,-0.0064320983365178,-0.038051001727581,0.0425422526896,0.039362914860249,-0.17557106912136,0.049931619316339,0.068860553205013,0.051274072378874,-0.025928776711226,0.1698807477951,-0.028061926364899,-0.011591704562306,-0.21740192174911,0.096074044704437,-0.021150296553969,0.072971738874912,-0.047100380063057,0.069346182048321,-0.15761116147041,-0.096773386001587,0.19260855019093,0.097758024930954,0.021675031632185,0.027481639757752,0.033828094601631,-0.075881011784077,-0.25154715776443,-0.17907506227493,0.047752760350704,-0.062882520258427,0.028188496828079,0.022354869171977,0.039957985281944,-0.030799087136984,0.10028545558453,-0.010179203934968,0.022420419380069,-0.069110289216042,0.013721587136388,0.063374556601048,0.12289776653051,0.094815380871296,-0.044169697910547,-0.034677006304264,-0.048148665577173,-0.085594408214092,0.053713586181402,-0.041322555392981,0.075122818350792,-0.050116006284952,0.14211867749691,-0.15705993771553,0.051953263580799,0.15781737864017,-0.041612807661295,-0.10629136115313,0.011138673871756,0.080200493335724,-0.07639916986227,-0.097293540835381,-0.10590262711048,-0.089582204818726,0.022845469415188,-0.11569602787495,-0.0051888409070671,-0.029193010181189,-0.0067279464565217,0.10407921671867,0.13080018758774,-0.12236104905605,-0.059650335460901,-0.1263040304184,-0.014383840374649,-0.011786287650466,0.052125081419945,0.13470835983753,-0.079368785023689,-0.0059392298571765,-0.014337229542434,0.00089866505004466,0.011491513811052
0.021859008818865,-0.061245493590832,-0.081681169569492,0.011132781393826,0.11772514879704,0.1882204413414,-0.0055665518157184,0.012239356525242,-0.071819692850113,0.077822580933571,0.037995383143425,0.15081200003624,0.063726745545864,-0.12810105085373,-0.056754749268293,0.098272100090981,-0.1103783249855,0.091977491974831,-0.053050942718983,0.042579833418131,0.14820319414139,-0.047803707420826,0.086163617670536,-0.10023061186075,-0.042436264455318,0.010621037334204,-0.10098485648632,-0.20121964812279,-0.10875076800585,0.045366607606411,-0.034209053963423,0.10538785159588,-0.062925271689892,0.050888184458017,0.0045433146879077,0.057590927928686,-0.063207320868969,-0.10507721453905,0.060827657580376,0.01526986155659,0.023685501888394,-0.051791209727526,-0.022825578227639,0.014175836928189,-0.12001238763332,-0.083898216485977,0.085437305271626,-0.030222440138459,-0.045862905681133,0.068170621991158,0.13472153246403,-0.057631947100163,-0.19276314973831,0.065799444913864,0.046449325978756,-0.020743820816278,0.085969418287277,-0.059172309935093,-0.076341159641743,0.093288578093052,0.035279266536236,-0.050109561532736,0.075069814920425,-0.091323427855968,0.17662036418915,-0.23557235300541,-0.094789661467075,0.142493724823,0.044980958104134,0.17171896994114,0.050439734011889,0.18616941571236,-0.029235785827041,-0.061983909457922,-0.12908354401588,0.07377789914608,-0.017103206366301,0.090895906090736,-0.089920692145824,-0.015311705879867,-0.049242492765188,0.0021412377245724,0.059624720364809,0.12614139914513,-0.18966269493103,0.098491571843624,0.14032971858978,0.044169649481773,0.0029255067929626,-0.026042269542813,-0.06485203653574,-0.076847411692142,-0.12789694964886,0.058992434293032,-0.11477351933718,-0.015420550480485,-0.046540357172489,0.019290458410978,-0.092037029564381,0.089914306998253,0.066369533538818,-0.01128070987761,-0.09075004607439,0.019801739603281,0.17549057304859,0.00069324200740084,-0.080653741955757,0.086538180708885,-0.098161526024342,0.053155396133661,-0.19722510874271,-0.035903587937355,0.0063044182024896,-0.028871377930045,0.076476082205772,0.039933882653713,0.026233609765768,-0.0048982338048518,-0.028438549488783,0.12778620421886,0.044082526117563,0.010299555025995,0.10159907490015,0.0072837877087295,0.056351840496063,0.03473961725831,0.036239434033632,0.10708887130022
-0.021902795881033,-0.091791316866875,-0.025781620293856,0.026183241978288,0.093702591955662,0.089343681931496,0.030049525201321,0.15527777373791,0.017943888902664,0.10423295944929,-0.024198075756431,0.20646415650845,0.016778711229563,-0.1368470788002,-0.046551406383514,0.0020658322609961,-0.02205646969378,-0.0038505890406668,-0.048966232687235,0.082539387047291,0.071731127798557,-0.11257530748844,0.056403674185276,-0.011549666523933,-0.054307922720909,0.028495572507381,-0.054920598864555,-0.17655754089355,-0.12435382604599,-0.043801445513964,-0.012140300124884,0.084266565740108,0.04691207408905,0.0777557939291,-0.1104134619236,-7.3550356319174e-05,-0.046810247004032,0.044373951852322,-0.11719931662083,0.0042663430795074,0.10091643035412,-0.031062154099345,-0.073877803981304,-0.020247537642717,-0.102699033916,-0.07551434636116,0.030465621501207,-0.10118024796247,-0.0032728877849877,0.062741115689278,0.13193120062351,-0.032907761633396,-0.15210548043251,0.010849580168724,0.12843665480614,0.017524031922221,0.02678831666708,-0.06527691334486,-0.054555367678404,0.044487595558167,-0.0027825159486383,-0.12433541566133,-0.027913592755795,-0.09181459993124,0.17726178467274,-0.23042660951614,-0.082756273448467,0.13556972146034,0.0089601939544082,0.15908853709698,0.046667098999023,0.12340178340673,-0.061342306435108,-0.0094806039705873,-0.069561287760735,0.13071486353874,0.012612198479474,0.15943698585033,-0.040505535900593,-0.044142968952656,-0.24257925152779,-0.0022372133098543,0.10268139094114,0.11759191006422,-0.061731584370136,-0.029261685907841,0.20534646511078,0.13209900259972,0.075189366936684,-0.059561852365732,-0.14305627346039,-0.069520197808743,-0.066877096891403,0.03543097525835,-0.051198128610849,-0.0072150402702391,0.063910759985447,-0.076239727437496,-0.09174670279026,0.041484013199806,0.025045884773135,-0.018567638471723,-0.092812426388264,0.032425843179226,0.06975743919611,-0.046834465116262,-0.11935430020094,-0.009077338501811,-0.074225135147572,-0.037380419671535,-0.16912081837654,0.043296568095684,-0.023231809958816,-0.060156900435686,0.12689597904682,-0.013275652192533,0.009389734826982,-0.14360417425632,0.019433587789536,0.17927932739258,0.030113134533167,0.1171436086297,0.022429570555687,0.034208938479424,0.10251083225012,0.029792776331306,0.075119182467461,0.068776331841946
0.040117532014847,-0.089363038539886,-0.091222636401653,0.066229052841663,0.10727644711733,0.096194356679916,0.011256908997893,0.063012793660164,-0.047961674630642,0.087084271013737,0.029326705262065,0.16189368069172,0.030680635944009,-0.058858878910542,-0.1192612349987,0.048970196396112,0.02600091509521,0.17103438079357,-0.0060156839899719,0.028034996241331,0.18158093094826,-0.12825135886669,0.11747279763222,-0.051259726285934,-0.0050706607289612,-0.02039529196918,-0.044302143156528,-0.19710686802864,-0.1239792406559,0.057524316012859,-0.076927550137043,0.06929337233305,0.040802091360092,0.030007932335138,-0.025877932086587,-0.039727605879307,-0.082263931632042,0.014550893567502,-0.0084764724597335,-0.065131582319736,-0.036194391548634,0.036193836480379,-0.040913138538599,0.012017575092614,-0.13409331440926,-0.10165990144014,0.042857393622398,-0.12835888564587,-0.03346186876297,0.020641541108489,0.16811439394951,-0.028342125937343,-0.12168071419001,0.04768855497241,0.038706999272108,0.009225282818079,0.14993907511234,-0.066965207457542,-0.024242125451565,0.015237580984831,0.077533312141895,-0.10668075084686,0.033353857696056,-0.092222072184086,0.16946686804295,-0.209168151021,-0.130375623703,0.15145559608936,0.020598376169801,0.1950915902853,0.065722100436687,0.12043792009354,-0.055396977812052,-0.12455372512341,-0.17835809290409,0.10037875175476,0.0086681516841054,0.078913509845734,-0.089741095900536,-0.077954091131687,-0.22955945134163,0.034009173512459,0.048236392438412,0.065638996660709,-0.10027768462896,0.024107690900564,0.11678777635098,0.052829254418612,0.063723497092724,-0.077536314725876,-0.13180674612522,-0.072350196540356,-0.098008789122105,0.01168642193079,0.001305500860326,-0.038171529769897,-0.014831925742328,0.0470748282969,-0.095571540296078,0.073020368814468,0.076839320361614,0.01450518053025,-0.029417125508189,0.046364456415176,0.14487554132938,-0.055330242961645,-0.055134959518909,-0.001819109194912,-0.05532543361187,-0.041632238775492,-0.1937894821167,-0.027530763298273,0.032931759953499,-0.038271322846413,0.13689172267914,0.028142839670181,0.01256849616766,-0.093115992844105,0.0249142665416,0.10992901772261,-0.014901756308973,0.057657718658447,0.025178842246532,-0.021160431206226,0.11451901495457,0.029933672398329,0.088789165019989,0.089078538119793
0.01762249879539,0.026533573865891,-0.072722487151623,-0.02036751806736,0.20305591821671,0.13674482703209,0.036321241408587,0.028852380812168,-0.20579189062119,0.16726000607014,-0.032483227550983,0.069386065006256,0.036655597388744,-0.052792273461819,0.059306360781193,0.091149114072323,0.045610535889864,0.079824216663837,0.088051810860634,0.042790468782187,0.11234747618437,-0.081437826156616,0.067569248378277,-0.10133055597544,0.076265521347523,0.026516554877162,-0.080619491636753,-0.12777510285378,0.029164850711823,0.047746066004038,-0.02088344655931,0.070323720574379,-0.046680543571711,0.025266563519835,0.070084378123283,0.043183978646994,-0.0093186944723129,-0.063139483332634,0.056210365146399,-0.14752553403378,0.026800516992807,-0.01758635789156,0.13738340139389,0.077213481068611,-0.13959407806396,0.061032321304083,0.158546641469,0.014364791102707,-0.13251194357872,-0.026208803057671,0.099497318267822,-0.043818961828947,-0.17854864895344,-0.028627466410398,0.12174421548843,0.014755957759917,-0.0077298693358898,0.023312268778682,-0.028223956003785,0.009372491389513,0.030525028705597,-0.07452442497015,0.07295323908329,-0.13150563836098,0.26053553819656,-0.10168493539095,-0.17419774830341,0.10234770923853,-0.01458784006536,0.16002911329269,0.025417990982533,0.22464011609554,-0.064232222735882,-0.092413999140263,-0.12848335504532,0.059424743056297,0.046684052795172,0.19985830783844,0.019762821495533,-0.11503390967846,-0.094938963651657,0.03422823548317,0.017694866284728,0.092565171420574,-0.093487583100796,-0.087614364922047,0.058659143745899,0.11946700513363,0.11297757178545,0.039352625608444,-0.0026738976594061,0.0095239263027906,-0.16037072241306,0.0032533511985093,0.0015608799876645,-0.019156510010362,0.072636850178242,0.1263969540596,-0.09672587364912,-0.002332856412977,-0.005088449921459,0.037470158189535,-0.01502488926053,-0.030396299436688,-0.032679602503777,0.052229110151529,-0.078223384916782,0.055756963789463,0.064088806509972,0.0063318680040538,-0.098542928695679,-0.0044523910619318,-0.035707365721464,-0.0055820615962148,0.16752260923386,-0.05030981451273,0.034527108073235,-0.11039670556784,-0.040392313152552,0.12977913022041,0.03864798694849,0.029770415276289,0.10784413665533,0.052895992994308,0.0053233657963574,0.018159572035074,0.092306733131409,-0.0001805133651942
0.060389615595341,-0.036806017160416,-0.09236416220665,-0.068531602621078,0.12988637387753,0.23637412488461,0.020477633923292,0.070889718830585,-0.072713509202003,0.050522249191999,-0.034627314656973,0.17767356336117,0.030221136286855,-0.11515142768621,-0.07063364982605,0.027342211455107,-0.04711589217186,0.011629419401288,-0.11469652503729,-0.012199155054986,0.031183112412691,0.084978356957436,0.070882223546505,0.0062996190972626,-0.088356725871563,0.017111649736762,-0.0084105171263218,-0.11369732022285,-0.068698853254318,-0.014712953008711,-0.024364203214645,0.035742782056332,-0.13394552469254,0.029146775603294,-0.093856804072857,-0.019825110211968,-0.15777276456356,-0.065308794379234,-0.055375382304192,0.16401542723179,0.030226638540626,0.049072362482548,-0.13896113634109,0.060257747769356,-0.096302837133408,-0.047355033457279,0.00026285796775483,-0.011217895895243,-0.038516838103533,0.1158896535635,0.21354702115059,0.0069973096251488,-0.17136561870575,-0.042744114995003,-0.017746383324265,-0.038890898227692,0.047101806849241,0.12394685298204,0.011702343821526,0.07731980830431,-0.020898915827274,0.013519381172955,0.091270215809345,-0.058739464730024,0.071849837899208,-0.30012223124504,-0.037101373076439,0.17061021924019,-0.0078499224036932,0.20117618143559,0.093889400362968,0.18049339950085,0.030445620417595,-0.0004675755626522,-0.12284417450428,0.10196252912283,-0.079215183854103,0.01350652705878,-0.071997702121735,0.036986533552408,-0.0019406579667702,0.013158136047423,0.10992335528135,0.0836431235075,-0.11888145655394,-0.079212665557861,0.18811225891113,0.020598318427801,-0.02180883102119,-0.046975515782833,-0.12662352621555,-0.043108284473419,-0.12388904392719,0.071097180247307,-0.0080756489187479,0.020336784422398,0.074788697063923,-0.081309989094734,-0.12473210692406,0.059730224311352,0.038811348378658,0.054768361151218,-0.095752038061619,0.077343612909317,-0.050072804093361,-0.074376836419106,-0.18913970887661,-0.008017560467124,-0.10575237870216,0.0038036713376641,0.071844376623631,0.091236643493176,0.034184910356998,0.033458344638348,0.024669639766216,0.055410653352737,-0.088639780879021,0.020993456244469,-0.030016055330634,0.12708605825901,0.013897148892283,-0.0077125974930823,0.046143557876348,-0.081827975809574,0.047376353293657,0.024587402120233,-0.067400865256786,0.01426971051842
-0.035226121544838,-0.13237975537777,-0.095995746552944,0.024248499423265,0.15570022165775,0.03974512219429,-0.027873519808054,0.0050872783176601,-0.05189061909914,0.058277308940887,-0.064269833266735,0.20282885432243,0.049418449401855,-0.076116606593132,-0.10194183886051,0.028480011969805,-0.073228232562542,0.14970575273037,-0.014754101634026,0.11530663818121,0.12605437636375,-0.11180078983307,0.14394807815552,0.03265643119812,-0.038689751178026,-0.041282095015049,-0.017867896705866,-0.21567003428936,-0.15288279950619,0.086876504123211,-0.072735160589218,0.018093332648277,0.038165122270584,0.0045471545308828,0.0077391350641847,0.012034553103149,-0.11024729162455,-0.075825400650501,-0.11603424698114,-0.066723346710205,-0.0045582489110529,-0.0080884695053101,-0.014347615651786,0.10010518878698,-0.16654385626316,-0.00088063161820173,0.096955932676792,-0.017154371365905,-0.0069693652912974,0.086836375296116,0.14356684684753,-0.1490478515625,-0.071716219186783,-0.029977716505527,0.096075132489204,0.0065823402255774,0.082771249115467,-0.026882668957114,0.0038281406741589,0.055176042020321,0.090541005134583,-0.023990051820874,0.0061559663154185,0.026560204103589,0.17095173895359,-0.29977658390999,-0.17361022531986,0.10731907188892,0.0037713970523328,0.1259822845459,0.036275614053011,0.10926675051451,-0.02782179042697,-0.17151680588722,-0.15603795647621,0.15713472664356,-0.022505601868033,0.11456628143787,-0.022778252139688,-0.017836505547166,-0.11767467111349,-0.013284789398313,-0.029674725607038,0.11329471319914,-0.13212482631207,0.021084381267428,0.097929060459137,0.075546100735664,-0.0058782896958292,-0.026970028877258,-0.12094762176275,-0.00051781453657895,-0.086961530148983,-0.0098986579105258,-0.091424144804478,0.022412952035666,-0.070839792490005,0.056563723832369,-0.044018439948559,0.0054374821484089,0.1140146329999,-0.0070425407029688,-0.032963279634714,-0.036422301083803,0.109344817698,-0.077582351863384,-0.12776428461075,0.037113670259714,-0.092838115990162,0.05526889115572,-0.12589372694492,-0.01730639860034,0.037735138088465,-0.061931505799294,-0.016722487285733,0.083578355610371,0.0038361486513168,-0.033067185431719,-0.064031109213829,0.16376356780529,-0.023565333336592,0.049243215471506,-0.053206775337458,-0.042551014572382,-0.019437987357378,0.061369422823191,-0.030531734228134,0.044820975512266
-0.06382168084383,0.087084725499153,-0.061844144016504,-0.080072440207005,0.056050397455692,0.11908433586359,-0.10231771320105,0.046397816389799,-0.15755422413349,0.15531618893147,-0.03901332244277,0.023095211014152,0.04221573844552,-0.04040377959609,0.011949932202697,0.09372191876173,0.035250935703516,0.016121365129948,0.10371382534504,-0.051499616354704,0.092807650566101,-0.077621169388294,0.14016342163086,-0.087367877364159,0.064136765897274,0.08679461479187,0.012035105377436,-0.15612033009529,0.017543237656355,-0.01321218162775,0.063074320554733,0.0052173756994307,-0.0010336905252188,-0.020205603912473,-0.03119576536119,0.010153219103813,-0.041284058243036,0.070036508142948,0.12441804260015,0.082695819437504,-0.054773163050413,0.0012121881591156,-0.0037553382571787,0.016952021047473,-0.049090057611465,0.022136157378554,0.12925000488758,-0.083483092486858,-0.096878960728645,-0.052378784865141,0.14338536560535,0.07882596552372,-0.10131830722094,0.00081910198787227,-0.033044099807739,0.024086929857731,0.2180155813694,0.0060913800261915,0.030205484479666,-0.045676063746214,0.015198648907244,-0.066322483122349,0.023603230714798,-0.10084313899279,0.15265765786171,-0.17745167016983,-0.070556588470936,0.18286691606045,0.074381828308105,0.18211245536804,0.034767802804708,0.18206670880318,-0.12649181485176,-0.066478490829468,-0.0068606673739851,0.047404460608959,-0.081250496208668,0.16063624620438,-0.031404037028551,0.014958244748414,-0.20627968013287,0.043485548347235,0.1266827583313,0.15376035869122,-0.12307876348495,-0.040404383093119,0.10423425585032,0.071207091212273,0.065774172544479,-0.16349011659622,-0.17336350679398,0.0057484619319439,-0.0030841175466776,0.039568610489368,0.034659799188375,-0.068200342357159,0.071016505360603,0.17347247898579,-0.12594114243984,0.00057460978860036,-0.051225122064352,0.028070798143744,-0.081471972167492,0.15952830016613,0.047297518700361,-0.038769710808992,-0.097318671643734,0.031493686139584,0.048262313008308,-0.086249619722366,-0.13770385086536,0.026882039383054,-0.037995576858521,0.021836765110493,0.10002250224352,0.034301806241274,-0.072479628026485,-0.13966391980648,-0.0036608749069273,0.11411681771278,0.039615176618099,0.04779976606369,0.020232997834682,-0.054978549480438,-0.015994084998965,0.016830194741488,-0.0076485825702548,0.11547168344259
0.014053051359951,-0.057652477174997,-0.11180849373341,0.020077433437109,0.14151372015476,0.12027452141047,-0.018389018252492,0.036181971430779,-0.097645327448845,0.15231356024742,0.010157502256334,0.15160430967808,0.036278508603573,-0.045778121799231,-0.062214374542236,0.08873987197876,0.04833460599184,0.13633358478546,0.03854376450181,0.034584257751703,0.11481144279242,-0.069556221365929,0.10366509854794,-0.084721051156521,0.002407155232504,0.066760323941708,-0.034516762942076,-0.16032795608044,-0.073544323444366,0.027483582496643,-0.039408914744854,0.11732776463032,-0.012063344009221,0.014034617692232,-0.018645500764251,0.021965991705656,-0.044913250952959,-0.010573118925095,0.054419975727797,-0.023301187902689,-0.0027529196813703,0.042103551328182,-0.0053542796522379,0.024291031062603,-0.14463199675083,-0.083871155977249,0.086170956492424,-0.06974059343338,-0.0035449271090329,0.011290655471385,0.18693393468857,-0.0013304125750437,-0.18583263456821,0.04383135586977,0.06386748701334,-0.015475775115192,0.13816775381565,-0.05343060195446,-0.0063767107203603,0.023974481970072,0.03668899834156,-0.12241154164076,0.044167801737785,-0.10550301522017,0.17826989293098,-0.2268965691328,-0.10918688029051,0.16133083403111,0.067957200109959,0.21608051657677,0.064436502754688,0.20024506747723,-0.032466098666191,-0.057809177786112,-0.15530714392662,0.056991182267666,-0.0098215825855732,0.15482220053673,-0.081600517034531,-0.10963344573975,-0.14548818767071,0.090215750038624,0.088739208877087,0.099355168640614,-0.090402573347092,-0.026674296706915,0.13006311655045,0.11296836286783,0.091947674751282,-0.09648572653532,-0.13336166739464,-0.009581764228642,-0.10525248199701,0.014146791771054,0.014863137155771,-0.051380347460508,0.035115074366331,0.073369666934013,-0.12397041171789,0.038594782352448,0.019556796178222,0.016110619530082,-0.030387036502361,0.062664188444614,0.10370963811874,-0.036845989525318,-0.087727554142475,-0.013714879751205,-0.0086138881742954,0.011461727321148,-0.18572776019573,-7.3327035352122e-05,0.019406840205193,0.0067482157610357,0.12114722281694,-0.030360836535692,0.040474306792021,-0.13186457753181,-0.018801754340529,0.083012722432613,0.030520005151629,0.072264544665813,0.10827405750751,-0.026418657973409,0.036290194839239,0.0036667606327683,0.056641213595867,0.10508543998003
0.006271124817431,0.033882942050695,-0.21401922404766,0.012587362900376,0.073428869247437,0.079754844307899,-0.037690933793783,-0.091337814927101,-0.23213021457195,0.1368153989315,-0.042817275971174,0.10645251721144,0.078673347830772,0.029686311259866,-0.10041761398315,0.054069075733423,0.047573808580637,0.0030554290860891,0.19665496051311,0.076519213616848,0.050580114126205,-0.20845468342304,0.14231011271477,-0.056842233985662,0.073745623230934,0.098121359944344,0.0040168161503971,-0.12947942316532,-0.013819320127368,0.11262966692448,-0.068009234964848,0.068409666419029,-0.0093035073950887,-0.06251135468483,-0.054356537759304,-0.026730457320809,-0.071539983153343,0.051520794630051,0.13797675073147,-0.058170158416033,-0.093805029988289,-0.041035592556,0.07561881840229,-0.007630864623934,-0.11509953439236,0.01310252957046,0.16183352470398,-0.033048715442419,-0.049672208726406,-0.0017549302428961,0.1376026570797,0.068882681429386,-0.0085696093738079,0.025183849036694,0.081721499562263,-0.023395296186209,0.18829524517059,0.067339114844799,0.039508279412985,-0.048594240099192,0.041936535388231,-0.0027525175828487,0.13270412385464,-0.11388503760099,0.13154183328152,-0.040586791932583,-0.11046780645847,0.10719669610262,-0.019320460036397,0.04640693590045,-0.027586191892624,0.17984344065189,-0.1262039244175,0.0092693949118257,-0.003425284055993,0.085124135017395,0.0571304038167,0.035398110747337,0.023957341909409,0.060252208262682,-0.1644774377346,-0.057486977428198,0.088942855596542,0.089022167026997,-0.091163270175457,-0.061659749597311,0.011233208701015,0.066549226641655,0.14053112268448,-0.14990751445293,-0.13877527415752,0.018282972276211,0.051972471177578,0.067748941481113,0.0020746940281242,-0.12754033505917,0.094204396009445,0.21737745404243,-0.015936529263854,-0.07008434087038,0.021804645657539,0.06908506155014,-0.0056967744603753,0.14711786806583,-0.021779226139188,0.042979639023542,-0.053886968642473,0.1087786257267,0.022948225960135,-0.034998223185539,-0.075579710304737,0.025682566687465,0.032763827592134,0.0094065712764859,0.033066004514694,0.047819815576077,-0.014535196125507,-0.0094808517023921,0.01901969499886,0.13662020862103,-0.037998642772436,-0.052818104624748,0.035974983125925,-0.13439509272575,-0.10886757820845,0.10588850826025,-0.019312087446451,0.084856651723385
0.046895667910576,-0.13510031998158,-0.096845924854279,-0.025643022730947,0.12945231795311,0.026191409677267,-0.0952552780509,0.0965955555439,0.0084470231086016,-0.0083369398489594,0.020454574376345,0.16902239620686,0.038349229842424,-0.13207751512527,-0.16952322423458,0.11628168076277,0.043353538960218,0.10748862475157,-0.12514294683933,0.12242859601974,0.1844959706068,-0.037281524389982,0.12349250167608,0.11575684696436,-0.025737019255757,0.030338602140546,0.13551072776318,-0.17094931006432,-0.043121635913849,-0.011591110378504,-0.020456390455365,0.0024420754052699,0.037405908107758,0.036226253956556,-0.10561419278383,-0.078625656664371,-0.16160506010056,0.067460440099239,-0.065495543181896,-0.0014375543687493,-0.051722921431065,0.036026071757078,-0.09970385581255,0.1269364207983,-0.022993324324489,-0.11083363741636,0.015034566633403,-0.03799357265234,-0.052803862839937,0.053064916282892,0.11586952954531,-0.094818040728569,-0.06806218624115,-0.080896019935608,-0.047025930136442,-0.026006486266851,0.054025866091251,0.040338192135096,-0.0010238259565085,-0.046749074012041,0.046016689389944,-0.099900126457214,0.089170292019844,0.069775380194187,0.027476172894239,-0.26198557019234,-0.13914057612419,0.1522644162178,0.035660818219185,0.069983504712582,-0.0049490723758936,0.020240787416697,-0.047561645507812,-0.15981659293175,-0.12957008183002,0.022261941805482,-0.014378974214196,0.11239690333605,-0.081602320075035,0.074796885251999,-0.10747121274471,0.037509005516768,0.0032257568091154,-0.014958343468606,-0.078541077673435,-0.011958325281739,0.11007864028215,0.086419656872749,0.022839607670903,-0.08752728998661,-0.10344149917364,-0.015041992999613,-0.18512058258057,0.10879789292812,0.063301220536232,0.072942711412907,-0.053414236754179,-0.0075106602162123,-0.10732883960009,-0.055933643132448,0.058388747274876,-0.10533668100834,-0.09627627581358,0.10006953030825,0.046887613832951,-0.098354376852512,-0.1107569038868,-0.019102230668068,-0.0011173924431205,-0.13223060965538,-0.052123371511698,0.14586009085178,0.014909479767084,0.058985408395529,0.085440687835217,0.041096452623606,-0.17718420922756,-0.057548195123672,-0.012900360859931,0.11078663915396,-0.080927424132824,0.12647053599358,-0.042597576975822,-0.030402751639485,0.010720998048782,0.0074870302341878,-0.051924992352724,-0.051905449479818
0.050628535449505,-0.036638218909502,-0.1313491910696,0.055030643939972,0.12018189579248,0.16371682286263,-0.031251560896635,0.029294153675437,-0.14441785216331,0.12366069853306,0.021027391776443,0.13100218772888,0.023972939699888,-0.084543824195862,-0.073774337768555,0.097080200910568,0.026695754379034,0.1536431312561,0.046080496162176,0.041175879538059,0.12773345410824,-0.07013276964426,0.10609050095081,-0.056047316640615,0.0062573505565524,0.021042024716735,-0.038550194352865,-0.19755880534649,-0.091882079839706,0.049213346093893,-0.068164885044098,0.086487323045731,-0.051611561328173,0.012794706039131,-0.013400228694081,0.028574733063579,-0.070391699671745,-0.087945073843002,0.040068984031677,-0.013834713958204,-0.036202128976583,0.021288186311722,0.001478080288507,0.051579054445028,-0.13040395081043,-0.05796779319644,0.13798268139362,-0.077671900391579,-0.061205822974443,0.04987083747983,0.22209405899048,-0.023820836097002,-0.17961896955967,0.04249394312501,0.047413494437933,-0.017004704102874,0.14429040253162,-0.052010215818882,0.051923185586929,0.018929990008473,0.06751710921526,-0.068137861788273,0.055472817271948,-0.12231704592705,0.1640310138464,-0.24950617551804,-0.099448673427105,0.1198859885335,0.064006671309471,0.22222349047661,0.046635199338198,0.20159167051315,-0.021020598709583,-0.073787614703178,-0.17062608897686,0.04366247355938,-0.0095394561067224,0.15997582674026,-0.091737136244774,-0.078438118100166,-0.11207741498947,0.074002929031849,0.035226281732321,0.058190133422613,-0.11241483688354,0.041367761790752,0.08345440030098,0.040370278060436,0.052333977073431,-0.06703482568264,-0.11682798713446,-0.014276402071118,-0.14878332614899,0.0037482678890228,0.0021018695551902,-0.017968330532312,0.036046303808689,0.080642245709896,-0.11108833551407,0.047663021832705,0.02129627391696,0.035329457372427,-0.01569065079093,0.045914702117443,0.089496098458767,-0.030352603644133,-0.085010960698128,0.022925220429897,-0.073316752910614,0.030892902985215,-0.16083060204983,-0.0064760609529912,0.054616630077362,-0.040220677852631,0.091111443936825,-0.01777877099812,0.032039269804955,-0.11569520831108,-0.018755566328764,0.062831707298756,0.0081592192873359,0.0397041849792,0.1230291724205,-0.028391743078828,0.053517274558544,0.0078701134771109,0.057547107338905,0.081965148448944
0.058335911482573,0.019023651257157,-0.11138930916786,-0.014920895919204,0.12542001903057,0.12532351911068,-0.058454748243093,0.040888864547014,-0.0098522417247295,0.049240820109844,-0.032423675060272,0.060355689376593,0.027644954621792,-0.20602963864803,-0.10297178477049,0.14893113076687,0.024013763293624,0.085574626922607,-0.068830609321594,0.12118998914957,0.19344338774681,0.015827208757401,0.02908568456769,0.01487812679261,-0.023324869573116,0.049978088587523,-0.040494721382856,-0.22216379642487,0.0014823995297775,0.066716000437737,0.0037889240775257,0.066601067781448,-0.040281090885401,0.033155310899019,0.088155716657639,-0.014974737539887,0.038048174232244,0.03575174510479,0.057268679141998,-0.11593672633171,-0.067533046007156,-0.00067773787304759,0.055647786706686,0.11157839745283,-0.0094452826306224,-0.058952473104,0.14289322495461,0.016185816377401,-0.066231817007065,0.072810135781765,0.13001967966557,-0.064042791724205,-0.088867299258709,0.014704265631735,0.10154590010643,-0.068484462797642,0.081867307424545,-0.07511405646801,0.032861270010471,-0.17778274416924,0.054903615266085,-0.12048759311438,0.083263002336025,-0.063966698944569,0.068016193807125,-0.27518826723099,-0.071372427046299,0.084853418171406,0.079350106418133,0.032661974430084,0.0081244157627225,0.083187416195869,-0.04650592431426,-0.138417288661,-0.14751462638378,-0.017311900854111,-0.038234461098909,0.22067251801491,-0.0038734683766961,0.049288876354694,0.035586174577475,0.1444419324398,0.003164148889482,0.059847373515368,0.02958688698709,-0.014151544310153,0.028996907174587,0.13431736826897,0.1277073174715,0.0088294576853514,-0.069835156202316,-0.021413030102849,-0.22266878187656,0.055828731507063,-0.028657903894782,0.036065246909857,0.035543389618397,0.084597520530224,-0.16027100384235,-0.029991341754794,0.078522466123104,-0.0041446853429079,-0.074111931025982,0.055459950119257,-0.019285539165139,-0.060940206050873,-0.074412114918232,-0.010919462889433,0.0029598760884255,0.063674740493298,-0.075217023491859,0.059123851358891,-0.065517365932465,0.030931908637285,0.077324256300926,0.012284156866372,-0.10952952504158,-0.14061705768108,-0.14320336282253,-0.010623191483319,-0.011442992836237,0.15563577413559,0.1958954334259,-0.00887546595186,0.023160280659795,-0.056677717715502,0.053359515964985,-0.043076891452074
-0.03300217539072,-0.07395301014185,-0.038044814020395,-0.028374090790749,0.12743747234344,0.079833835363388,0.028174582868814,0.097140483558178,-0.086630135774612,0.1705064624548,0.0059473621658981,0.18984201550484,0.048462051898241,-0.063255980610847,-0.030873971059918,0.052253246307373,-0.031630106270313,0.058191210031509,-0.0021342153195292,0.063849203288555,0.085584595799446,-0.11657556146383,0.071051478385925,-0.076919980347157,-0.018689701333642,0.11136972159147,-0.021325981244445,-0.11760923266411,-0.059073526412249,-0.022017039358616,-0.066703423857689,0.10628468543291,0.022452645003796,0.071683287620544,-0.076552666723728,-0.010399066843092,-0.027780175209045,0.048687674105167,0.013354362919927,-0.025753268972039,0.081530585885048,-0.040149230509996,0.025386882945895,-0.0068430583924055,-0.15228588879108,-0.11470265686512,0.072233259677887,-0.066222637891769,-0.022667152807117,0.023619662970304,0.13533006608486,-0.042429894208908,-0.22105446457863,0.067771658301353,0.14352986216545,0.010946741327643,0.056029338389635,-0.03052319213748,-0.079911969602108,0.036662191152573,0.01561729516834,-0.14821226894855,0.039661776274443,-0.057228058576584,0.19422209262848,-0.12688209116459,-0.14473147690296,0.14735285937786,0.033749863505363,0.16867792606354,0.018831398338079,0.17473548650742,-0.044539649039507,0.02395954541862,-0.0488514713943,0.072626769542694,0.033861860632896,0.1565246284008,-0.024746239185333,-0.12287946790457,-0.17672345042229,0.023268284276128,0.14018546044827,0.11751537024975,-0.10643389821053,-0.054231341928244,0.19609679281712,0.18339693546295,0.14839385449886,-0.056413151323795,-0.099715478718281,-0.052055299282074,-0.072473585605621,0.025863194838166,-0.041882570832968,-0.049016173928976,0.022791627794504,0.035508010536432,-0.067305870354176,0.025565758347511,-0.0051140622235835,-0.020889300853014,-0.052686329931021,0.056684605777264,0.11385990679264,-0.0025947489775717,-0.11972212046385,0.032253339886665,-0.011747098527849,-0.074154004454613,-0.18072478473186,0.055036153644323,-0.010092322714627,0.0076816859655082,0.15394166111946,-0.046861153095961,0.065773099660873,-0.10719686746597,0.011414145119488,0.13888640701771,0.06073797121644,0.080399088561535,0.072685360908508,0.0043351156637073,0.022359635680914,0.035362735390663,0.06648974865675,0.098806530237198
0.021645378321409,0.055739674717188,0.29659849405289,0.12719121575356,0.060155086219311,0.039214089512825,0.0015161205083132,-0.044816173613071,0.05834972858429,0.0068200710229576,0.0041864342056215,-0.024567877873778,-0.018031664192677,-0.0057623325847089,0.1542908847332,0.077095746994019,0.087953567504883,0.11664769053459,-0.16699634492397,0.013740361668169,0.050763692706823,0.013842198997736,0.011449615471065,0.17989628016949,0.10955400019884,-0.17007525265217,-0.1325571089983,0.091965101659298,0.019874976947904,-0.022724639624357,0.11083114892244,0.11252503097057,-0.021953351795673,0.13364879786968,0.051897123456001,0.0096924062818289,0.050528258085251,0.012492025271058,-0.0019068404799327,-0.11419154703617,0.031280938535929,-0.017117528244853,0.089667849242687,-0.22571344673634,0.075890235602856,-0.10607773810625,-0.052149403840303,0.039929617196321,-0.029889779165387,0.039085261523724,0.10476761311293,-0.057425282895565,0.034935377538204,-0.050284415483475,0.033216841518879,0.0093127861618996,-0.074601985514164,-0.034033462405205,-0.0038002755027264,-0.037355545908213,-0.064636290073395,0.044580768793821,-0.17005996406078,-0.14959482848644,0.03417194634676,0.20989638566971,-0.038448706269264,-0.050050012767315,-0.27639925479889,0.082734860479832,-0.014271582476795,0.053111579269171,-0.030744483694434,0.005543848965317,-0.00031236512586474,-0.027910523116589,0.12021734565496,-0.021081160753965,0.074191883206367,-0.019341729581356,0.049151659011841,0.022205913439393,0.0036947154439986,-0.06309911608696,0.090716250240803,-0.068414717912674,-0.085641250014305,0.051081102341413,-0.037623204290867,0.17443756759167,0.040889356285334,-0.015685264021158,0.025338830426335,0.092362552881241,-0.028316913172603,0.1194858327508,-0.080281265079975,-0.0075629623606801,-0.02469788864255,0.0056234574876726,0.080613315105438,-0.066898308694363,-0.099530301988125,0.025947896763682,0.092962183058262,0.049092151224613,0.053466834127903,-0.15595188736916,0.13665655255318,-0.046135663986206,-0.12427500635386,0.1053561270237,0.037485051900148,0.064707182347775,0.11288691312075,-0.081556230783463,-0.049733612686396,0.13290034234524,-0.081555262207985,0.087404578924179,0.042922556400299,0.06245069205761,-0.019678993150592,0.023556083440781,0.083078175783157,0.078404255211353,0.10965915024281,-0.12848983705044
-0.061229255050421,-0.0072872182354331,0.17097623646259,0.081125371158123,0.10420694202185,0.099545739591122,-0.13179416954517,-0.1671666353941,0.014436021447182,-0.086531102657318,-0.097993761301041,0.037776313722134,-0.1015962511301,0.039435349404812,0.098165452480316,0.075000338256359,0.057641118764877,0.077080719172955,-0.0083205895498395,-0.052352908998728,-0.002976855263114,0.059400752186775,0.1075729355216,0.11269559711218,0.10709352046251,-0.06389382481575,-0.037924893200397,-0.021382899954915,-0.089023098349571,-0.057306226342916,0.15341244637966,0.095373928546906,0.022747272625566,0.043412085622549,0.084057651460171,0.12979082763195,-0.00446149520576,-0.094449490308762,-0.051862392574549,-0.060241002589464,0.04915488883853,0.033604942262173,0.059114553034306,-0.17102189362049,0.039288137108088,0.096719056367874,0.047915402799845,-0.0064302221871912,-0.092630922794342,-0.0062519977800548,0.04512769728899,-0.10247711092234,0.17494302988052,-0.10033471137285,0.016752203926444,0.069738313555717,0.021990057080984,0.048158422112465,0.014935181476176,0.017215890809894,-0.041527297347784,0.17480562627316,-0.096968188881874,-0.15170982480049,0.166663184762,0.097594782710075,-0.074415855109692,0.032661583274603,-0.17943044006824,0.23654855787754,0.0011454223422334,0.045317161828279,-0.06765765696764,-0.096564456820488,0.0073916777037084,0.090841487050056,-0.012974472716451,-0.037384733557701,-0.051849406212568,-0.085780538618565,-0.0048853000625968,0.12120317667723,-0.049005005508661,-0.043347265571356,-0.055774692445993,-0.039727065712214,-0.063967883586884,0.0002699917240534,-0.2222658097744,0.13691981136799,0.053765065968037,0.062157820910215,0.036336995661259,0.059413004666567,0.064237348735332,0.21931412816048,-0.042444191873074,0.073817610740662,0.015393509529531,0.019219411537051,0.05213862657547,-0.10091120749712,-0.11795344203711,-0.05248774215579,0.05009688436985,0.018749501556158,-0.012803823687136,-0.18219387531281,-0.045621059834957,0.014400479383767,-0.072919920086861,0.047104272991419,0.12482772767544,-0.070519588887691,0.08271836489439,-0.024470450356603,-0.13045969605446,0.02957721427083,-0.012561489827931,0.1225952282548,0.1125191822648,0.020031850785017,-0.015049035660923,-0.074001178145409,0.019189827144146,0.14358255267143,0.046988409012556,-0.083543390035629
-0.04327604174614,0.057694096118212,0.0846341624856,0.067499242722988,0.083328314125538,0.089476987719536,-0.13306097686291,-0.27400299906731,-0.023904763162136,-0.023917488753796,-0.034936890006065,0.062579020857811,-0.039719223976135,0.10002572834492,0.0098428754135966,0.077620640397072,0.073284260928631,0.11904856562614,-0.023728838190436,0.020361771807075,-0.041359566152096,0.0075892144814134,0.052845321595669,0.1201681047678,0.068076781928539,-0.034487254917622,-0.041720531880856,0.083238258957863,-0.077823206782341,0.022432999685407,0.052043579518795,0.098436430096626,-0.0063538770191371,0.026554880663753,0.067709513008595,0.12959112226963,0.0019043404608965,-0.07313646376133,0.020121878013015,-0.063939988613129,-0.023640582337976,0.028853371739388,0.12156030535698,-0.20931385457516,0.051754303276539,0.031962569802999,0.068367883563042,0.073493234813213,-0.083330526947975,0.044767905026674,0.061951376497746,-0.094110265374184,0.11845199763775,-0.042463339865208,0.042649511247873,0.049812562763691,-0.026080012321472,0.080892503261566,-0.012536528520286,0.0020530014298856,-0.039463229477406,0.21129666268826,0.010596747510135,-0.15721242129803,0.10045754164457,0.18694220483303,-0.085956424474716,0.027654917910695,-0.24966947734356,0.1441463381052,0.025021055713296,0.032013632357121,-0.024619523435831,-0.023269196972251,0.032668903470039,0.088304370641708,0.051762484014034,-0.099261835217476,0.0084685999900103,-0.12970896065235,0.06753421574831,0.10700176656246,-0.039267662912607,-0.044464152306318,-0.095640152692795,-0.0076939691789448,-0.12572933733463,-0.0079613644629717,-0.095486983656883,0.15382859110832,0.028903191909194,-0.0023333968129009,0.13229009509087,0.11358207464218,0.052934098988771,0.13939921557903,-0.078107997775078,0.073421388864517,0.030491886660457,-0.0066172853112221,0.078220829367638,-0.061153218150139,-0.11823282390833,-0.026101052761078,0.050872795283794,0.10648661851883,-0.009174533188343,-0.1639779061079,-0.076999500393867,0.035084918141365,-0.040510170161724,0.048366609960794,0.18238858878613,0.045372243970633,0.0025205630809069,-0.038653012365103,-0.11247786879539,0.15260863304138,-0.038943987339735,0.074962429702282,0.063756570219994,-0.064678959548473,0.019547216594219,-0.11733215302229,-0.042193047702312,0.19454035162926,-0.0044251545332372,-0.11506122350693
0.0019457851303741,-0.024431217461824,0.17061454057693,0.12456756085157,0.085497416555882,0.085333712399006,-0.075303331017494,-0.10316504538059,0.11046778410673,-0.063448965549469,-0.003368282224983,0.048015464097261,-0.054610971361399,0.05230937153101,0.048868533223867,0.087170712649822,0.11674696207047,0.12663865089417,-0.097722612321377,-0.04217291995883,0.092095002532005,-0.0052018282003701,0.077472098171711,0.14900082349777,0.11245159059763,-0.11106440424919,-0.041218303143978,-0.00082495954120532,-0.089652717113495,-0.022399043664336,0.15127193927765,0.12284617871046,0.05186652764678,0.10884080827236,0.041139826178551,0.078919462859631,0.033268816769123,0.0044535668566823,-0.029473619535565,-0.093685895204544,0.036998171359301,0.04006153345108,0.05984091386199,-0.20486825704575,0.054745465517044,-0.081653028726578,-0.024591526016593,-0.046182028949261,-0.031903952360153,-0.017179071903229,0.089432314038277,-0.088939689099789,0.10136530548334,-0.031753841787577,0.042011510580778,0.084758892655373,0.0044911876320839,0.015883758664131,-0.019316801801324,-0.02604784630239,-0.051134869456291,0.042532246559858,-0.10364193469286,-0.20446042716503,0.13359202444553,0.1270559579134,-0.070906743407249,0.057124372571707,-0.20374365150928,0.23165485262871,0.0086163580417633,0.030923910439014,-0.090554378926754,-0.1104709059,-0.021633258089423,0.062578201293945,0.074173167347908,-0.01155196595937,-0.073857322335243,-0.10508418828249,-0.083089075982571,0.11470833420753,0.0045632277615368,-0.065565854310989,-0.022621246054769,-0.027519294992089,-0.029091430827975,0.027127560228109,-0.1324942111969,0.11316026002169,0.013751451857388,-0.059520415961742,0.028867747634649,0.068889357149601,0.065102815628052,0.17390841245651,-0.081053711473942,0.018618376925588,-0.0036090831272304,0.057224467396736,0.070180729031563,-0.10248655825853,-0.1311451792717,0.036030638962984,0.11880975216627,0.013227643445134,-5.1509068725863e-05,-0.20897500216961,-0.022079801186919,-0.077555179595947,-0.18486873805523,0.06209958344698,0.093173705041409,0.0054820291697979,0.1634819060564,-0.041939351707697,-0.10228186845779,0.027503333985806,-0.015716480091214,0.12512838840485,0.097253754734993,0.072379298508167,-0.013123987242579,-0.01951552554965,0.095003269612789,0.11423849314451,0.097569346427917,-0.065005958080292
-0.014369101263583,-0.048681952059269,0.13553935289383,0.10164831578732,0.050253070890903,0.12320753931999,-0.090700529515743,-0.1611150354147,-0.022350152954459,-0.019465686753392,-0.010171637870371,0.013548850081861,-0.011232724413276,0.14707513153553,0.10810852795839,0.058576304465532,0.059631757438183,0.13525179028511,0.010944583453238,-0.046578820794821,0.036329876631498,-0.045521672815084,0.11072216928005,0.19791312515736,0.15053462982178,-0.090106107294559,-0.027698798105121,0.0060298284515738,-0.10149354487658,-0.0077917892485857,0.11546251177788,0.076069958508015,-0.0069769243709743,0.070594929158688,0.027529867365956,0.11522600799799,-0.042290147393942,-0.06509318202734,-0.013090661726892,-0.065892353653908,0.0068724397569895,0.0088008502498269,0.084344290196896,-0.15017715096474,0.0055327084846795,-0.11527483165264,0.020315712317824,0.018756797537208,-0.018853517249227,0.017466489225626,0.1099404618144,-0.16329534351826,0.13690882921219,-0.042626015841961,0.058435399085283,0.094236172735691,0.021850122138858,0.12151240557432,0.068860486149788,-0.051658749580383,-0.065329037606716,0.14970310032368,-0.052190940827131,-0.17804425954819,0.10134906321764,0.2370472997427,-0.067612327635288,0.0081958761438727,-0.22458861768246,0.17954710125923,-0.02884472347796,0.094774529337883,-0.052341360598803,-0.058341432362795,0.017646588385105,0.014179668389261,0.07263470441103,-0.10154765099287,0.0011421212693676,-0.063997760415077,0.01599583402276,0.027566438540816,0.0018343511037529,-0.11455121636391,-0.08266531676054,-0.022165881469846,-0.058980967849493,-0.018626531586051,-0.097839385271072,0.098835535347462,0.025837000459433,-0.0075504998676479,0.11008421331644,0.028343973681331,0.033987935632467,0.15498052537441,-0.12648603320122,0.10819838941097,0.037472203373909,0.032266516238451,0.079544849693775,-0.066005669534206,-0.064077414572239,-0.0082978662103415,0.091297410428524,0.064794071018696,-0.036559380590916,-0.202497407794,-0.039071902632713,-0.052242059260607,-0.10279989242554,0.097831271588802,0.15607561171055,-0.016364326700568,0.07153357565403,-0.00067962647881359,-0.018136192113161,0.11386333405972,-0.023065699264407,0.11628706008196,0.095671899616718,-0.092964954674244,-0.026600368320942,-0.076543681323528,-0.053804863244295,0.16365495324135,0.019784227013588,-0.0082952138036489
-0.003355736611411,0.052264396101236,0.027462910860777,0.0061383969150484,0.048686034977436,0.17223151028156,-0.10220058262348,-0.08184839040041,-0.12614539265633,-0.0080874739214778,0.0015058463905007,-0.053491543978453,-0.0087095098569989,0.0842689499259,0.048777744174004,0.031516969203949,0.16504608094692,0.17499914765358,0.081078872084618,-0.054233208298683,0.041234146803617,0.029101468622684,0.10283801704645,0.067277885973454,0.019935684278607,-0.016363710165024,-0.031810015439987,-0.032186217606068,0.062670305371284,-0.047247018665075,0.14702762663364,0.035336010158062,-0.026782639324665,-0.0043588997796178,0.12679950892925,0.14159139990807,-0.014691396616399,-0.0011151770595461,0.022935163229704,-0.064653992652893,-0.075110748410225,0.10777842998505,-0.0055496580898762,-0.024026434868574,-0.041406702250242,-0.0096615189686418,0.098155073821545,0.050726857036352,-0.15524196624756,-0.025346728041768,-0.018175825476646,-0.008589836768806,0.067827440798283,-0.060851257294416,-0.064106099307537,0.084165580570698,0.075746737420559,0.13445384800434,0.031408477574587,-0.072923630475998,-0.094205379486084,0.16356091201305,0.11446540802717,-0.22494956851006,0.16310112178326,0.061752691864967,-0.0087442388758063,-0.020809650421143,-0.16740235686302,0.24883241951466,-0.0061346576549113,0.0097039733082056,-0.06314691901207,-0.018583085387945,-0.091102845966816,-0.080229997634888,0.0022419332526624,0.0023046715650707,0.00044504294055514,-0.16552898287773,-0.071751371026039,0.10760927945375,-0.069650001823902,-0.12273974716663,-0.04225517809391,-0.082401156425476,-0.096358805894852,-0.041598420590162,-0.045569308102131,0.071186549961567,0.12814819812775,0.033118776977062,0.029526546597481,0.0082369418814778,0.23526099324226,0.077627912163734,0.02156775072217,0.2149825245142,-0.12952871620655,0.074545212090015,-0.008010832592845,0.053967110812664,-0.087452076375484,-0.014917853288352,0.0071390988305211,0.11027555167675,0.058845926076174,-0.21074037253857,0.08587509393692,-0.02876522578299,-0.054300259798765,0.035970706492662,0.10140084475279,0.010424742475152,0.11847949773073,-0.037162683904171,0.016641011461616,-0.11598950624466,0.083283796906471,0.067059837281704,0.046719212085009,-0.13183352351189,0.043994575738907,-0.07431323826313,-0.037042550742626,0.075811207294464,0.059040192514658,-0.041027516126633
0.033251695334911,0.0036393045447767,0.21179993450642,0.078628942370415,0.081663191318512,0.12316036224365,-0.067050591111183,-0.12293923646212,-0.065370991826057,-0.012932000681758,0.027853634208441,-0.011907082982361,-0.013841092586517,0.063648357987404,0.16681651771069,0.11384584754705,0.039105176925659,0.12509196996689,-0.0685960277915,0.0065377256833017,0.06054250150919,0.037245612591505,0.075052566826344,0.13576993346214,0.12720416486263,-0.072542555630207,-0.06594529747963,0.047115605324507,-0.01031806319952,-0.022353125736117,0.094039581716061,0.10416927188635,-0.037924904376268,0.12383604049683,0.074741818010807,0.11564724892378,-0.017091725021601,-0.062244184315205,0.042642116546631,-0.11410039663315,-0.0035467850975692,-0.028410086408257,0.11069412529469,-0.14012639224529,0.021926004439592,-0.06644894182682,0.023790661245584,0.064983606338501,-0.10313615947962,0.047545325011015,0.08799596875906,-0.106266528368,0.031137419864535,-0.040533050894737,0.049832668155432,0.032250314950943,-0.061541654169559,0.067999109625816,-0.011881751008332,-0.01385176833719,-0.077576272189617,0.097242660820484,-0.033616304397583,-0.14856408536434,0.10299497842789,0.22452655434608,-0.096746034920216,9.0640078269644e-06,-0.24460463225842,0.17501339316368,-0.028610667213798,0.088690258562565,-0.037470892071724,-0.029219625517726,-0.018443172797561,-0.062086373567581,0.099675461649895,-0.069933973252773,0.03703149035573,-0.045086581259966,0.11190635710955,0.01634637452662,-0.02175684273243,-0.11700465530157,-0.051567010581493,-0.061767220497131,-0.085115678608418,0.013005997985601,-0.065171174705029,0.21176324784756,0.11653276532888,-0.0056943655945361,-0.018584609031677,0.1099179238081,0.0079758055508137,0.16933214664459,-0.11229481548071,0.077820636332035,-0.0025077925529331,0.0094799622893333,0.061464253813028,-0.052625104784966,-0.10745545476675,-0.042808659374714,0.093312293291092,0.1095840036869,0.014157377183437,-0.15133745968342,0.0931316614151,-0.05982930213213,-0.095500603318214,0.11922902613878,0.082345224916935,0.053165063261986,0.1441583186388,-0.05580285564065,-0.0023532945197076,0.11787245422602,-0.033278968185186,0.12275714427233,0.098964780569077,-0.056380294263363,0.046413347125053,-0.0019557971972972,0.025610942393541,0.10704325139523,0.14182667434216,-0.077916756272316
-0.053021471947432,-0.0066214767284691,0.095404386520386,0.082936175167561,0.076871566474438,0.11125765740871,-0.087052032351494,-0.25578024983406,-0.043739177286625,-0.040668420493603,-0.034531723707914,0.078430183231831,-0.086640395224094,0.060255579650402,0.019829822704196,0.091418623924255,-0.0025651403702796,0.12597806751728,0.021510710939765,-0.042054835706949,-0.033402431756258,0.024401823058724,0.030283018946648,0.069310985505581,0.066416904330254,0.051412027329206,-0.056369934231043,-0.0094220861792564,-0.081363923847675,-0.012601817958057,0.041792925447226,0.13647685945034,-0.034903261810541,0.019062312319875,0.092546314001083,0.12740929424763,-0.020277362316847,-0.096888497471809,0.053381104022264,-0.060181975364685,0.036749463528395,0.02707845903933,0.10947145521641,-0.16378062963486,0.026470458135009,0.026897145435214,0.090233616530895,-0.0051152664236724,-0.11647100001574,-0.026121038943529,0.02284674346447,-0.13757416605949,0.13334625959396,-0.025852754712105,0.056495893746614,0.071905955672264,0.010421077720821,0.10439684987068,-0.032725028693676,0.034779787063599,-0.037059210240841,0.18868225812912,0.047673985362053,-0.13780780136585,0.15808402001858,0.20861254632473,-0.083017513155937,0.0023689374793321,-0.17096571624279,0.17038264870644,0.0069091846235096,0.059640102088451,-0.0083449725061655,0.0058728861622512,0.02141135931015,0.051117964088917,-0.0020601493306458,-0.10378620773554,-0.042494598776102,-0.17176398634911,0.061030466109514,0.1506804227829,-0.046830993145704,-0.072208426892757,-0.13915657997131,0.0047010146081448,-0.05969101190567,-0.014841261319816,-0.15156795084476,0.12424722313881,0.090085603296757,0.032571323215961,0.071613021194935,0.061465326696634,0.059618897736073,0.19244900345802,-0.060343358665705,0.079144462943077,0.063760109245777,0.044657483696938,0.03551872074604,-0.098658852279186,-0.096916407346725,-0.062082331627607,0.067981593310833,0.094337977468967,0.01703623868525,-0.14613546431065,-0.10857337713242,0.026090187951922,-0.044098008424044,0.04371802136302,0.17814145982265,-0.055334571748972,0.068370170891285,-0.041218053549528,-0.088045738637447,0.086559310555458,0.0037973274011165,0.025466470047832,0.11469370871782,-0.076949737966061,0.066818259656429,-0.1173550337553,-0.041618153452873,0.20219755172729,0.018407423049212,-0.07232078909874
-0.054244253784418,0.071103155612946,0.065211154520512,0.098604559898376,0.022990183904767,0.16814005374908,-0.095049776136875,-0.20374077558517,0.042784262448549,0.018264217302203,0.020226493477821,0.022392431274056,-0.048895712941885,-0.032341156154871,0.0005517146200873,0.088649101555347,0.041451770812273,0.21190956234932,-0.024414375424385,-0.11874650418758,0.077811285853386,-0.017250806093216,0.033762585371733,0.12773001194,0.098882868885994,-0.025313690304756,-0.053430937230587,-0.098391994833946,-0.043102495372295,0.034372452646494,0.15812280774117,0.15371805429459,-0.0081293461844325,0.044758997857571,0.12309464812279,0.083640933036804,-0.024442885071039,-0.06970838457346,0.068994052708149,-0.064385801553726,-0.0017875212943181,-0.030365388840437,0.036767046898603,-0.083542168140411,0.062694445252419,-0.071345455944538,0.071399845182896,0.0021460757125169,-0.14672748744488,-0.1063801497221,0.10186007618904,-0.072104550898075,0.13582183420658,-0.091050244867802,-0.038579653948545,0.13535019755363,0.039215143769979,0.056848455220461,-0.00028281056438573,-0.047714274376631,-0.053567994385958,0.088945873081684,0.036791868507862,-0.18556253612041,0.1635861992836,0.089560873806477,-0.046700112521648,-0.0029379357583821,-0.18929477035999,0.22848477959633,-0.024907806888223,0.020284626632929,-0.10296676307917,-0.10669245570898,-0.057607274502516,-0.0063395258039236,-0.017539149150252,-0.016412597149611,-0.08919957280159,-0.094724200665951,-0.063107840716839,0.15233106911182,-0.044724337756634,-0.074886992573738,-0.12655158340931,-0.0050485474057496,-0.039840310811996,-0.07847586274147,-0.12848825752735,0.086716763675213,0.0066037182696164,-0.02451834641397,0.033782355487347,0.040415182709694,0.072540931403637,0.17497628927231,-0.074640281498432,0.072370156645775,-0.0043491343967617,0.063635669648647,0.091042637825012,-0.061096794903278,-0.13287428021431,0.025514844805002,0.1354720890522,0.025509499013424,0.026624931022525,-0.16145227849483,-0.060718681663275,-0.00040094880387187,-0.13261027634144,0.035300262272358,0.09412532299757,-0.065846420824528,0.124945782125,-0.034942205995321,-0.13528577983379,-0.0030976785346866,0.057823244482279,0.063554868102074,0.13402804732323,-0.062067594379187,0.008595684543252,-0.082891270518303,0.033249143511057,0.1414100676775,0.022864729166031,-0.060053907334805
-0.03684600815177,0.01924947462976,0.18659934401512,0.15718910098076,0.051269259303808,0.014170034788549,-0.046171128749847,-0.10967563092709,0.10464535653591,-0.045313484966755,-0.038860023021698,0.064706236124039,-0.042908370494843,0.042145218700171,0.027920598164201,0.068180873990059,0.11054404824972,0.06299901008606,-0.096248589456081,0.021122608333826,0.032961301505566,-0.084176138043404,0.033877607434988,0.18196953833103,0.10780272632837,-0.10657702386379,-0.082786999642849,0.029518324881792,-0.064010091125965,-0.0063058091327548,0.11857083439827,0.16280740499496,0.059061389416456,0.099663838744164,-0.022253567352891,0.041689433157444,0.050523459911346,0.053546778857708,-0.055062498897314,-0.094925582408905,0.053418066352606,-0.0044959592632949,0.090887762606144,-0.26929488778114,0.093607820570469,-0.060347944498062,0.0014439269434661,-0.055500030517578,-0.031143292784691,-0.025286205112934,0.070155046880245,-0.087333954870701,0.13989293575287,-0.038375977426767,0.08457849919796,0.079008795320988,-0.033176198601723,0.01068618055433,-0.0071782455779612,-0.033124823123217,-0.047118864953518,0.06862648576498,-0.1377924233675,-0.20035940408707,0.10519548505545,0.20850668847561,-0.049211729317904,-0.01147651206702,-0.24954505264759,0.10751010477543,-0.025547821074724,0.015407772734761,-0.0890823751688,-0.021868549287319,0.067268140614033,0.093990623950958,0.1158664226532,-0.019152022898197,-0.016525899991393,-0.074677884578705,-0.097963117063046,0.071287252008915,-0.0070516820997,-0.055841080844402,0.018903248012066,-0.021863801404834,-0.054277081042528,0.043486509472132,-0.10168378800154,0.094296753406525,-0.015948370099068,-0.044156074523926,0.094941504299641,0.084150582551956,0.03600150719285,0.16040113568306,-0.049877971410751,-0.0065165646374226,0.047176241874695,0.025351297110319,0.05094812810421,-0.12606328725815,-0.13198138773441,0.081567853689194,0.073469810187817,0.047183413058519,0.011245398782194,-0.15389704704285,-0.020562054589391,-0.085015572607517,-0.17451831698418,0.084021091461182,0.081306748092175,-0.0087321363389492,0.10617392510176,-0.059332061558962,-0.12140353024006,0.06765678524971,-0.017673902213573,0.1212117895484,0.048297241330147,0.093299336731434,-0.049582656472921,-0.030853917822242,0.061824474483728,0.16044972836971,0.04359358549118,-0.11579737067223
-0.016045585274696,0.015236902981997,0.17594483494759,0.10885237157345,0.10247375816107,0.077218763530254,-0.063322715461254,-0.10330588370562,0.075745575129986,-0.039582170546055,-0.013050109148026,0.03489051759243,-0.041790805757046,0.03808393701911,0.071724154055119,0.11433653533459,0.10239959508181,0.11778668314219,-0.11724551767111,-0.011229693889618,0.071594059467316,-0.019155658781528,0.07212783396244,0.15345932543278,0.10353664308786,-0.10845506936312,-0.075160823762417,0.011546813882887,-0.043967999517918,-0.026685677468777,0.14610216021538,0.14767563343048,0.034075971692801,0.11841110140085,0.030433623120189,0.09413892775774,0.032081544399261,0.0065569938160479,-0.033819261938334,-0.095622323453426,0.042918462306261,0.019577654078603,0.09303630143404,-0.20465092360973,0.064432732760906,-0.055091977119446,0.012586666271091,-0.014511431567371,-0.069620758295059,-0.0051801553927362,0.058484312146902,-0.1045540869236,0.076970390975475,-0.050593283027411,0.050468951463699,0.08476697653532,-0.029440144076943,0.036457769572735,-0.018798023462296,-0.020267859101295,-0.074135646224022,0.069532014429569,-0.087222598493099,-0.20688512921333,0.13267850875854,0.16898286342621,-0.087749846279621,0.033844649791718,-0.23161475360394,0.1978148072958,-0.008986122906208,0.05149994045496,-0.081480085849762,-0.058797866106033,0.0040290551260114,0.047339234501123,0.087862774729729,0.002152752596885,-0.047476023435593,-0.12352042645216,-0.045629542320967,0.10743413865566,-0.02464353851974,-0.072258964180946,-0.03842518851161,-0.016015077009797,-0.05056120082736,0.03395738825202,-0.11615751683712,0.13665613532066,0.052687548100948,-0.045089907944202,0.011097335256636,0.066859439015388,0.081547282636166,0.19702813029289,-0.088242024183273,0.039071448147297,-0.0016846320359036,0.046695977449417,0.046982284635305,-0.12672713398933,-0.13402065634727,0.035848196595907,0.08691094070673,0.057669404894114,-0.011472227051854,-0.18019481003284,0.01865922100842,-0.078628085553646,-0.17278861999512,0.096305184066296,0.086116038262844,0.0094207441434264,0.16134284436703,-0.053909759968519,-0.090939469635487,0.038174610584974,-0.0091864205896854,0.14095720648766,0.09650282561779,0.068331725895405,-0.00060340075287968,0.0094734961166978,0.044640980660915,0.1212847083807,0.075759842991829,-0.10145539045334
-0.076530642807484,0.044031511992216,0.10387225449085,0.073989748954773,0.12800425291061,0.062489449977875,-0.05169790238142,-0.13683669269085,-0.0033733749296516,0.035676144063473,-0.009568084962666,0.033740479499102,0.028789989650249,0.13142041862011,0.13384142518044,0.070066064596176,0.098621182143688,0.068343497812748,-0.040260545909405,0.061034772545099,0.001028775353916,-0.07685998827219,0.021532328799367,0.1339208483696,0.12196999043226,-0.051377143710852,-0.11847188323736,0.055078621953726,-0.0023503485135734,0.011568804271519,0.12625280022621,0.18107730150223,0.039602942764759,0.089555442333221,0.0026802709326148,0.18725061416626,0.043921053409576,-0.03315107524395,-0.036281682550907,-0.13440914452076,0.095557682216167,-0.025022627785802,0.15813824534416,-0.16279962658882,-0.00094719883054495,-0.0026214530225843,0.074328258633614,0.069476388394833,-0.042787648737431,-0.055233139544725,-0.017297081649303,-0.10616938024759,0.054821379482746,-0.07051370292902,0.13487619161606,0.11063129454851,-0.13541075587273,0.07044506072998,-0.0073450412601233,-0.02078521065414,-0.12749986350536,0.09375236928463,-0.045736037194729,-0.18395690619946,0.11235354095697,0.28411448001862,-0.082798108458519,0.029776075854897,-0.21440927684307,0.10257562249899,-0.0081208273768425,0.084650084376335,-0.062156539410353,-0.036624513566494,0.094804644584656,0.078150019049644,0.084357738494873,0.018724974244833,0.02321139909327,-0.13811959326267,-0.0085396878421307,0.086995549499989,-0.019321007654071,-0.039046976715326,-0.059571377933025,0.00026535530923866,-0.030523972585797,0.071651488542557,-0.044365584850311,0.15030872821808,0.079159334301949,-0.018612297251821,0.064673244953156,0.053351327776909,0.020894231274724,0.11064840853214,-0.1013820618391,0.061743471771479,0.035459704697132,-0.027609720826149,0.021473459899426,-0.096851222217083,-0.056359641253948,-0.028806418180466,-0.018093517050147,0.17177475988865,-0.058824513107538,-0.12470744550228,0.048460695892572,-0.035878546535969,-0.11825221031904,0.077406480908394,0.026829393580556,0.0022238946985453,0.096935942769051,-0.077281273901463,-0.041383352130651,0.019238347187638,-0.019115313887596,0.15724056959152,0.11855565011501,-0.010227352380753,-0.0036944102030247,0.049421563744545,-0.07747694849968,0.16628536581993,0.04945182800293,-0.066074699163437
-0.044559966772795,-0.045463483780622,0.17306372523308,0.13644225895405,0.047062162309885,0.061537828296423,-0.06595316529274,-0.25670719146729,0.041581660509109,-0.083792522549629,-0.066075958311558,0.091997928917408,-0.078681319952011,0.062685199081898,-0.0053437566384673,0.064917393028736,0.029359547421336,0.086570732295513,-0.022094001993537,-0.051405411213636,0.0094766831025481,0.020169014111161,0.043753072619438,0.18892183899879,0.065388604998589,-0.0036857724189758,-0.062427122145891,-0.032981865108013,-0.078398160636425,0.0099613927304745,0.092096775770187,0.13014970719814,-0.040959551930428,0.015758112072945,0.058835443109274,0.065128423273563,-0.039031863212585,-0.010174902155995,-0.020239097997546,-0.0088313538581133,0.026515634730458,0.068905308842659,0.0093533042818308,-0.21280814707279,0.0748495683074,0.004983292426914,0.021260803565383,-0.035250086337328,-0.023065477609634,-0.052068129181862,0.09473991394043,-0.10600447654724,0.19638210535049,-0.060068532824516,0.06003775447607,0.064444795250893,0.050462823361158,0.12443964928389,0.013607759028673,0.023583123460412,0.00075803534127772,0.16181163489819,-0.052583672106266,-0.12609522044659,0.14868725836277,0.11312889307737,-0.013084749691188,-0.010414052754641,-0.17982304096222,0.17853638529778,-0.0022472534328699,0.055609989911318,-0.028823014348745,0.0025728002656251,0.011027251370251,0.074354715645313,0.00060204806504771,-0.08236238360405,-0.045954622328281,-0.067084558308125,0.025791205465794,0.12895135581493,-0.026694959029555,-0.084892369806767,-0.054276313632727,-0.08311328291893,-0.021686274558306,-0.014899839647114,-0.22882884740829,0.045243505388498,0.0015781291294843,0.052623718976974,0.14680764079094,0.054184876382351,0.027207471430302,0.17535701394081,-0.023875279352069,0.016731170937419,0.10401508957148,0.059128724038601,0.084927782416344,-0.082184664905071,-0.13173280656338,0.028754202648997,0.075645282864571,-0.022544471547008,0.011613130569458,-0.18497534096241,-0.082112148404121,0.017381958663464,-0.071175754070282,0.067584082484245,0.14168719947338,-0.068051002919674,0.04748122766614,0.030252443626523,-0.1539403796196,0.096955083310604,-0.083576895296574,0.053049970418215,0.044105652719736,0.017485834658146,-0.043533977121115,-0.14989273250103,-0.034991186112165,0.23195345699787,-0.0553361736238,-0.080064177513123
-0.0021608325187117,0.18556649982929,0.043238751590252,0.052520602941513,-0.073657229542732,0.19233086705208,-0.0049025793559849,0.018048480153084,0.0076242783106863,0.022679876536131,0.17052693665028,0.00089186680270359,0.0014901096001267,-0.091598451137543,-0.032203365117311,-0.092629007995129,-0.070039391517639,0.14224441349506,-0.053302995860577,-0.14295001327991,0.1347867846489,-0.05238164588809,-0.022992858663201,0.020998092368245,0.12518173456192,-0.16796690225601,-0.010978603735566,-0.014773136936128,-0.031120005995035,0.061165038496256,0.057585258036852,-0.17631883919239,-0.024724945425987,0.052829429507256,0.0084994174540043,-0.046380426734686,-0.092473849654198,-0.12168868631124,0.042903423309326,0.090562552213669,-0.0075082620605826,-0.056286290287971,-0.013626548461616,0.086708463728428,-0.048020027577877,-0.22413095831871,0.02151239849627,-0.091979645192623,-0.093556895852089,0.0018684021197259,0.14129361510277,0.070060305297375,-0.14262832701206,0.023972162976861,-0.10046377778053,0.10640519857407,-0.0438536927104,0.01499898917973,-0.030228627845645,-0.034588519483805,-0.045085549354553,-0.06411837041378,0.084919810295105,-0.11457160115242,0.052820056676865,-0.062623493373394,0.042971782386303,-0.042773850262165,-0.1072086468339,0.19287413358688,0.082654900848866,0.079044722020626,-0.0083155948668718,-0.08979981392622,-0.032896917313337,-0.019563591107726,-0.042174275964499,-0.01469920668751,-0.092625305056572,0.050146628171206,-0.17841340601444,-0.028086587786674,0.13517987728119,0.071076847612858,-0.12798003852367,0.099959529936314,0.063590854406357,-0.1395730227232,0.0274587739259,-0.014133145101368,-0.10801257193089,-0.22222881019115,-0.0062311631627381,-0.027288032695651,-0.030237207189202,-0.15246522426605,-0.10302530229092,-0.018008656799793,-0.0801847204566,0.097845964133739,-0.031008647754788,0.11789236962795,0.00012093911936972,0.051528852432966,0.11242482811213,0.071410126984119,0.039498660713434,0.068980544805527,-0.09520448744297,-0.085556261241436,-0.056657619774342,-0.082697100937366,-0.029692154377699,0.050114598125219,0.047079958021641,-0.0030560097657144,0.0077810934744775,0.049343720078468,0.1367584168911,0.065484762191772,0.035329923033714,-0.093736968934536,-0.10744135081768,0.0080333901569247,0.18647372722626,0.023664617910981,0.11832060664892,0.11867325007915
-0.00045920035336167,0.17920631170273,0.0419532507658,0.034545607864857,-0.049750223755836,0.20268578827381,0.0025238490197808,0.02784525975585,-0.0051057962700725,0.018738225102425,0.15018744766712,-0.0011411163723096,0.0029894220642745,-0.099594935774803,-0.025661680847406,-0.087091520428658,-0.07683140039444,0.13986386358738,-0.053601708263159,-0.14416335523129,0.14752615988255,-0.048021078109741,-0.0099589014425874,0.0076763108372688,0.12577569484711,-0.18408747017384,-0.017078733071685,-0.02155027911067,-0.02712126262486,0.059589717537165,0.061493571847677,-0.19878676533699,-0.028854915872216,0.045088514685631,0.026766121387482,-0.052675485610962,-0.094491049647331,-0.13364508748055,0.044773194938898,0.077524311840534,-0.0068547739647329,-0.050921149551868,-0.0020202768500894,0.095188908278942,-0.060272235423326,-0.20762583613396,0.01939164660871,-0.084258869290352,-0.099642395973206,0.0084925917908549,0.12775990366936,0.053938403725624,-0.13989536464214,0.020325424149632,-0.10420443862677,0.097172930836678,-0.037990272045135,0.022515002638102,-0.041928824037313,-0.034005079418421,-0.041467647999525,-0.052003089338541,0.08723746240139,-0.11308578401804,0.065485097467899,-0.072491303086281,0.021995523944497,-0.031650796532631,-0.10994212329388,0.18359564244747,0.093372777104378,0.089913912117481,-0.012296330183744,-0.11380088329315,-0.039741575717926,0.0015870622592047,-0.046699374914169,-0.01485810149461,-0.078293733298779,0.055570859462023,-0.17304553091526,-0.039153825491667,0.13791391253471,0.093565724790096,-0.13441479206085,0.10043659061193,0.061822094023228,-0.12601470947266,0.023869765922427,-0.0087045030668378,-0.099904716014862,-0.21954092383385,-0.020849227905273,-0.022651977837086,-0.036557633429766,-0.15427826344967,-0.10316354781389,-0.0019784355536103,-0.097940757870674,0.10161762684584,-0.020755408331752,0.11509674787521,-0.0035980383399874,0.03833918645978,0.10896412283182,0.071102134883404,0.038771018385887,0.076982133090496,-0.091866694390774,-0.079226978123188,-0.049677774310112,-0.094649262726307,-0.026206435635686,0.057305000722408,0.046105187386274,0.015724308788776,-0.0017780936323106,0.072071306407452,0.12078189104795,0.079239919781685,0.027649322524667,-0.10030522942543,-0.11115732043982,0.0021992106921971,0.17988838255405,0.024584190919995,0.10903425514698,0.11479496210814
0.031486451625824,0.15097902715206,0.015675509348512,0.0072070201858878,-0.057965859770775,0.21482668817043,-0.026944663375616,0.039076033979654,-0.019969360902905,0.046220541000366,0.16389089822769,-0.016516521573067,0.04886856675148,-0.082058191299438,-0.03244810551405,-0.047764047980309,-0.039836335927248,0.16187317669392,-0.075794041156769,-0.11607681214809,0.14963164925575,-0.050422720611095,0.038686167448759,0.022195555269718,0.075981572270393,-0.1789361089468,0.0041070971637964,-0.032485846430063,-0.05011535808444,0.045465525239706,0.049741309136152,-0.18446929752827,-0.016443982720375,0.07405186444521,0.012758515775204,-0.040895868092775,-0.091357976198196,-0.095071271061897,0.050634048879147,0.075593441724777,-0.078527301549911,-0.067257970571518,-0.028876237571239,0.063252247869968,-0.039821330457926,-0.22666375339031,-0.0028579840436578,-0.042791042476892,-0.11744710803032,0.061962477862835,0.14994743466377,0.024527268484235,-0.14117647707462,0.027702696621418,-0.13268306851387,0.084144271910191,-0.0022839633747935,0.013111272826791,-0.020571375265718,-0.038086865097284,-0.03628733381629,-0.032564856112003,0.091646410524845,-0.13991034030914,0.051598485559225,-0.0810866355896,-0.0049958857707679,0.020609855651855,-0.13330714404583,0.17892672121525,0.071451120078564,0.059397093951702,-0.04409184679389,-0.12705707550049,-0.066867738962173,-0.012917543761432,-0.009963208809495,-0.030663020908833,-0.065536573529243,0.053332082927227,-0.15938639640808,-0.080163523554802,0.11129332333803,0.060743268579245,-0.15850791335106,0.10679103434086,0.038854148238897,-0.1399719119072,0.058957103639841,0.012345037423074,-0.099899560213089,-0.22644609212875,-0.012120697647333,0.020228777080774,-0.020387405529618,-0.10000376403332,-0.1226684898138,0.018841071054339,-0.12295211851597,0.10500305891037,0.027084287256002,0.1113872602582,-0.050149817019701,0.05381640419364,0.1554582118988,0.057243183255196,0.016765220090747,0.024677479639649,-0.089062325656414,-0.095598228275776,-0.080347299575806,-0.057489279657602,0.028113760054111,0.072698198258877,0.054001603275537,0.032894443720579,-0.002450686879456,0.094255402684212,0.10127054899931,0.097494594752789,0.01193867996335,-0.13227552175522,-0.080276072025299,0.0040456228889525,0.1721024364233,0.012691776268184,0.096070148050785,0.092556655406952
0.06546725332737,0.14713199436665,-0.015403957106173,0.034059219062328,-0.026953667402267,0.22693629562855,-0.0028572860173881,-0.013501029461622,-0.024848513305187,-0.033699117600918,0.17545458674431,0.026807215064764,0.029912019148469,-0.15423618257046,-0.11253111809492,0.0098054073750973,-0.13718903064728,0.11510092765093,-0.092953875660896,-0.054992020130157,0.23360024392605,-0.057634573429823,0.024393936619163,0.054048579186201,0.083612531423569,-0.13396321237087,-0.014188216999173,-0.099311776459217,0.036766927689314,0.10598149895668,0.017073316499591,-0.12468577921391,-0.051628869026899,0.064822264015675,0.012522376142442,-0.060330029577017,-0.10854694992304,-0.084020540118217,0.090291246771812,0.043639212846756,-0.046413604170084,-0.09538745880127,0.00034840329317376,0.09481854736805,-0.045575946569443,-0.2090110629797,0.076813615858555,-0.057129934430122,-0.14862541854382,0.057304352521896,0.093551829457283,0.059443965554237,-0.11097634583712,0.045600369572639,-0.061731662601233,0.05762542411685,0.021502532064915,0.055295784026384,-0.071527548134327,-0.058051679283381,-0.049244221299887,-0.03861279040575,0.20831863582134,-0.098147734999657,0.027451880276203,-0.070075333118439,-0.013695059344172,-0.040963880717754,-0.10484120249748,0.15226022899151,0.012547225691378,0.071858651936054,-0.065544664859772,-0.058200132101774,-0.013648679479957,-0.044986549764872,-0.0081053441390395,-0.015090981498361,-0.078892469406128,0.12560817599297,-0.081549406051636,-0.041703123599291,0.1062536239624,0.044841222465038,-0.13741265237331,0.15219764411449,0.031749501824379,-0.10226235538721,0.016732435673475,0.012976704165339,0.0013724489836022,-0.21631939709187,-0.10546861588955,0.044360384345055,-0.0383669026196,-0.11958740651608,-0.12252704054117,0.06995166093111,-0.041787177324295,0.063375040888786,0.041283585131168,0.06559818983078,-0.037414152175188,0.090982809662819,0.10541398823261,0.090851597487926,0.04773510992527,0.13811001181602,-0.052373249083757,-0.1137873083353,-0.057883057743311,-0.016586612910032,-0.02528147213161,0.03742478042841,0.0938411206007,0.081991836428642,-0.018920458853245,0.095778450369835,0.12170886993408,0.12493505328894,0.016618063673377,-0.10594826936722,-0.041268970817327,-0.018625872209668,0.072926811873913,0.078663997352123,0.11663724482059,0.10010288655758
-0.08021391928196,-0.031781017780304,0.21698059141636,0.11890991032124,0.06831493973732,0.091910466551781,-0.014982209540904,-0.063721276819706,0.15471562743187,-0.10225921869278,-0.12607428431511,0.08866648375988,-0.18303853273392,-0.04538568854332,-0.018352519720793,-0.043305564671755,-0.049759112298489,-0.055004250258207,-0.029055926948786,-0.1117575392127,0.0083770165219903,0.032005537301302,-0.020625449717045,0.056028839200735,0.079323805868626,-0.067530527710915,-0.096807278692722,0.0025060323532671,-0.052754852920771,-0.10131871700287,0.13599805533886,-0.02212899364531,-0.082543849945068,-0.0442124158144,0.013552311807871,0.03185037150979,-0.031219052150846,-0.077874392271042,-0.067157492041588,0.049150332808495,0.15685543417931,0.10073600709438,-0.074681758880615,-0.22760570049286,0.066690817475319,0.00540582370013,-0.073623567819595,-0.12817816436291,0.095718771219254,-0.074979096651077,0.025244517251849,0.050292663276196,0.12165803462267,-0.047853238880634,0.046399872750044,0.019975483417511,0.06554089486599,0.0040921117179096,-0.047764521092176,0.030339876189828,0.031562861055136,0.11215594410896,-0.12127808481455,-0.086299367249012,0.10752395540476,-0.0025619049556553,0.079147435724735,0.02560993283987,-0.025000985711813,0.21257902681828,0.082661174237728,0.14045009016991,0.023520205169916,0.0076672933064401,0.044241271913052,0.15779173374176,-0.069208681583405,0.022013222798705,-0.05733697861433,-0.050716396421194,-0.093627795577049,0.17085875570774,0.1262915879488,0.10490175336599,0.064277246594429,-0.060252722352743,0.085135035216808,0.12437456846237,-0.21005254983902,-0.050550904124975,-0.045776557177305,0.046274490654469,0.12302837520838,0.045706536620855,-0.020958179607987,-0.0020113352220505,0.071168392896652,-0.10494590550661,0.017869310453534,0.093980021774769,0.041206996887922,-0.076722614467144,-0.10902901738882,-0.033316865563393,0.049954269081354,-0.036367226392031,0.055085223168135,-0.13687960803509,-0.11511531472206,0.066577665507793,-0.035715397447348,-0.027961181476712,0.082099936902523,-0.057032641023397,0.061626601964235,0.027894306927919,-0.16970272362232,0.069075889885426,-0.084920920431614,0.011311559006572,0.0083998451009393,0.11369483917952,-0.058312725275755,-0.14780607819557,0.071579650044441,0.18557390570641,-0.021655643358827,0.02624093927443
-0.042092949151993,-0.022053066641092,0.20864805579185,0.13459251821041,0.0835130661726,0.12321180105209,0.00088093068916351,-0.055804662406445,0.12975311279297,-0.12156695872545,-0.11765304207802,0.070114068686962,-0.20482011139393,-0.060229148715734,-0.019479306414723,-0.019132336601615,-0.066666997969151,-0.051660906523466,-0.027013977989554,-0.11920085549355,0.033764559775591,0.056541621685028,-0.0037654486950487,0.013983017764986,0.087850414216518,-0.092832557857037,-0.11332528293133,-0.0018467390909791,-0.038692064583302,-0.09999842196703,0.11379677057266,-0.039372593164444,-0.11001701653004,-0.05720042809844,0.033584274351597,0.02897147461772,-0.035902742296457,-0.1012901738286,-0.059721656143665,0.04301168769598,0.14799343049526,0.12378711253405,-0.060513112694025,-0.21250523626804,0.039891846477985,0.012105857953429,-0.060256168246269,-0.14348512887955,0.096028380095959,-0.044572595506907,0.033156089484692,0.072330206632614,0.088958047330379,-0.018510773777962,0.047994703054428,-0.0083825550973415,0.093481689691544,-0.014392375946045,-0.03995068743825,0.031735394150019,0.034978829324245,0.11134134232998,-0.10128198564053,-0.10031966120005,0.11938630789518,-0.020252691581845,0.078078955411911,0.016270069405437,-0.0039075557142496,0.24888536334038,0.098549261689186,0.1807469278574,0.052892558276653,0.021602302789688,0.02003270201385,0.14099527895451,-0.069704681634903,0.02342233993113,-0.076791420578957,-0.060373373329639,-0.052502311766148,0.17541392147541,0.12669962644577,0.10518712550402,0.074737511575222,-0.041359517723322,0.065738081932068,0.12471793591976,-0.21676258742809,-0.040244486182928,-0.018091689795256,0.045587066560984,0.062000103294849,0.027693809941411,-0.013556308113039,-0.022531284019351,0.088141515851021,-0.075525030493736,0.0072146975435317,0.11568737030029,0.033686608076096,-0.057431325316429,-0.074451386928558,-0.058287512511015,0.037291262298822,-0.028979059308767,0.077149093151093,-0.11398710310459,-0.094252601265907,0.081437848508358,-0.02635433524847,-0.034862983971834,0.093757413327694,-0.056269787251949,0.082740530371666,0.030749579891562,-0.1335206925869,0.083139836788177,-0.087222807109356,-0.0040446938946843,-0.0010318390559405,0.11384720355272,-0.010982751846313,-0.1442741304636,0.090274043381214,0.16930355131626,0.023471679538488,0.046156700700521
-0.076181389391422,-0.054711725562811,0.21613129973412,0.12030356377363,0.06492030620575,0.085741996765137,-0.010089083574712,-0.058989860117435,0.14917901158333,-0.11475862562656,-0.13147948682308,0.090368792414665,-0.18046233057976,-0.03688995167613,-0.0171317178756,-0.048829577863216,-0.060009803622961,-0.072625339031219,-0.02453650161624,-0.10221902281046,0.0013166292337701,0.018648626282811,-0.020164286717772,0.041342511773109,0.073208600282669,-0.053833086043596,-0.10718739777803,-0.0018324026605114,-0.066422000527382,-0.11696424335241,0.1334782987833,-0.008699188940227,-0.085936941206455,-0.040646646171808,0.0058917077258229,0.03911617398262,-0.03320112451911,-0.069140508770943,-0.064203172922134,0.039447598159313,0.16552142798901,0.095167472958565,-0.078304976224899,-0.24089197814465,0.066918820142746,0.0071675451472402,-0.079601161181927,-0.13061062991619,0.096220009028912,-0.072345711290836,0.0011185450712219,0.040035590529442,0.13185346126556,-0.037671517580748,0.055807370692492,0.013903902843595,0.063560761511326,0.0058612236753106,-0.053299684077501,0.032603908330202,0.033824723213911,0.12330201268196,-0.12015424668789,-0.085365355014801,0.10536370426416,0.021616827696562,0.082009017467499,0.032664317637682,-0.016797717660666,0.1965453773737,0.076357148587704,0.13820452988148,0.025002229958773,0.022609580308199,0.050682280212641,0.15587411820889,-0.066260442137718,0.0035976567305624,-0.051046013832092,-0.045035123825073,-0.097511649131775,0.15937906503677,0.12145054340363,0.094003915786743,0.057451076805592,-0.057878755033016,0.092250376939774,0.13136944174767,-0.20794676244259,-0.056383613497019,-0.027108162641525,0.051454417407513,0.13520188629627,0.045594349503517,-0.027904899790883,0.0032376649323851,0.076720960438251,-0.10647639632225,0.022344758734107,0.092695005238056,0.037498593330383,-0.086078681051731,-0.1126174852252,-0.036663111299276,0.054104212671518,-0.028672892600298,0.054954901337624,-0.12855629622936,-0.12096405029297,0.06646266579628,-0.040216140449047,-0.025867728516459,0.080911450088024,-0.067268401384354,0.066695488989353,0.029734687879682,-0.16286851465702,0.06801138818264,-0.076404392719269,0.0091568250209093,0.0084894383326173,0.10897447913885,-0.050804477185011,-0.14415839314461,0.065696857869625,0.18432627618313,-0.019913604483008,0.030379196628928
-0.068819537758827,-0.04042125120759,0.22867380082607,0.13366638123989,0.061635188758373,0.10749168694019,-0.014606800861657,-0.050414316356182,0.14225549995899,-0.093941040337086,-0.12589728832245,0.078233957290649,-0.18263930082321,-0.059028282761574,-0.0079708071425557,-0.044765416532755,-0.061265002936125,-0.045419067144394,-0.022730199620128,-0.1057039424777,0.019765980541706,0.028994215652347,-0.0089260078966618,0.048205479979515,0.073184557259083,-0.077079683542252,-0.11286438256502,-0.017823195084929,-0.064258247613907,-0.10475610941648,0.12595064938068,-0.020034816116095,-0.087138436734676,-0.040136620402336,0.029850266873837,0.032473087310791,-0.029360206797719,-0.07613804936409,-0.07407534122467,0.023457307368517,0.14640182256699,0.088160425424576,-0.082558132708073,-0.2333388030529,0.055816449224949,0.0027555401902646,-0.069720089435577,-0.12373045831919,0.088997095823288,-0.058568701148033,0.042738612741232,0.05591294541955,0.12086651474237,-0.034872282296419,0.060904938727617,0.010558634065092,0.086665764451027,-0.031010698527098,-0.031274873763323,0.013805344700813,0.042299047112465,0.10982262343168,-0.13248088955879,-0.091697081923485,0.11811090260744,-0.0076863202266395,0.079437427222729,0.023203164339066,-0.017362397164106,0.2296262383461,0.075389891862869,0.1446355432272,0.026673728600144,0.004152141045779,0.025166355073452,0.14432573318481,-0.068380504846573,0.027924677357078,-0.043689820915461,-0.044396109879017,-0.089397236704826,0.16158394515514,0.11518596857786,0.096580222249031,0.079747505486012,-0.064172476530075,0.077434487640858,0.13343393802643,-0.19798062741756,-0.031442161649466,-0.037601828575134,0.054961215704679,0.11330447345972,0.043568979948759,-0.046408873051405,-0.0059833070263267,0.081540659070015,-0.090861745178699,0.016421170905232,0.094819702208042,0.06915320456028,-0.058631364256144,-0.1036890745163,-0.059449512511492,0.067830383777618,-0.043107137084007,0.064513422548771,-0.14423041045666,-0.10236841440201,0.081873796880245,-0.0489591807127,-0.024384083226323,0.086734712123871,-0.077113181352615,0.077148221433163,0.029793569818139,-0.15245054662228,0.058536171913147,-0.09233184158802,0.0047362823970616,0.0093824518844485,0.10842108726501,-0.036401368677616,-0.1482263058424,0.088427245616913,0.1806827634573,0.014594498090446,0.037448335438967
